# {"t_start": 1558060693.338981, "env_id": "DeepCars-v0"} 
r,l,t
10,12,2.028371
7,9,2.04002
17,19,2.064612
8,10,2.077878
7,9,2.090163
27,29,2.128541
10,12,2.145518
10,12,2.162982
10,12,2.180201
6,8,2.192068
16,18,2.218673
12,14,2.238709
8,10,2.253037
13,15,2.274595
14,16,2.297909
6,8,2.30995
7,9,2.32341
23,25,2.358335
15,17,2.382755
13,15,2.404198
12,14,2.424749
8,10,2.439445
10,12,2.456825
9,11,2.47264
12,14,2.492417
11,13,2.51154
13,15,2.532736
23,25,2.569041
7,9,2.582487
8,10,2.597192
8,10,2.611667
8,10,2.625718
7,9,2.639065
8,10,2.653771
9,11,2.669722
13,15,2.691653
14,16,2.713808
6,8,2.725399
8,10,2.739462
6,8,2.75147
6,8,2.76328
17,19,2.790369
8,10,2.805328
13,15,2.826789
15,17,2.851163
10,12,2.868742
9,11,2.884665
16,18,2.910618
6,8,2.922124
7,9,2.935042
6,8,2.946625
13,15,2.967833
11,13,2.986719
9,11,3.002961
14,16,3.027272
20,22,3.059105
7,9,3.072591
12,14,3.091988
9,11,3.108373
8,10,3.124092
10,12,3.141471
6,8,3.153342
11,13,3.172685
7,9,3.186228
7,9,3.199368
8,10,3.214662
6,8,3.226602
7,9,3.239866
10,12,3.25756
6,8,3.269432
12,14,3.290508
6,8,3.302737
11,13,3.322238
14,16,3.34577
8,10,3.361169
7,9,3.374297
12,14,3.395617
10,12,3.413735
9,11,3.430971
7,9,3.444919
11,13,3.464196
22,24,3.729869
7,9,3.784281
6,8,3.832117
18,20,3.951268
8,10,4.012519
7,9,4.066609
8,10,4.126525
10,12,4.197681
10,12,4.269684
6,8,4.324378
10,12,4.396272
11,13,4.473996
11,13,4.551414
6,8,4.599282
15,17,4.699958
11,13,4.777408
6,8,4.8254
6,8,4.873621
7,9,4.928136
32,34,5.132248
10,12,5.205602
11,13,5.284189
13,15,5.375555
12,14,5.459389
9,11,5.525133
7,9,5.578685
6,8,5.626056
12,14,5.708454
6,8,5.756332
11,13,5.834311
19,21,5.960057
7,9,6.014369
8,10,6.073146
6,8,6.12114
6,8,6.16853
8,10,6.228048
9,11,6.293524
6,8,6.341114
8,10,6.40019
11,13,6.477706
9,11,6.543279
11,13,6.620991
6,8,6.670441
11,13,6.748085
6,8,6.795309
26,28,6.959899
12,14,7.042343
8,10,7.102238
9,11,7.168199
7,9,7.221506
6,8,7.269545
7,9,7.324017
14,16,7.420243
6,8,7.468256
8,10,7.528473
10,12,7.599824
18,20,7.720225
11,13,7.799251
8,10,7.859572
6,8,7.907864
7,9,7.961567
6,8,8.009468
18,20,8.129086
8,10,8.1887
9,11,8.254075
6,8,8.302264
6,8,8.348202
15,17,8.448236
12,14,8.531524
9,11,8.596378
7,9,8.65029
8,10,8.70999
13,15,8.801778
11,13,8.879528
9,11,8.944501
6,8,8.992
13,15,9.081006
13,15,9.169889
6,8,9.216912
11,13,9.293534
16,18,9.400244
7,9,9.454614
8,10,9.514143
6,8,9.561676
6,8,9.610078
10,12,9.681295
10,12,9.752399
6,8,9.800516
7,9,9.854109
10,12,9.924743
9,11,9.991175
7,9,10.044372
6,8,10.093467
6,8,10.140541
8,10,10.201437
22,24,10.344435
8,10,10.404149
11,13,10.481007
8,10,10.541189
15,17,10.64215
7,9,10.703417
17,19,10.816365
8,10,10.876372
7,9,10.930205
11,13,11.00792
26,28,11.174508
6,8,11.222738
10,12,11.293738
8,10,11.353637
8,10,11.413982
7,9,11.468893
9,11,11.536493
8,10,11.596438
6,8,11.646535
6,8,11.694261
6,8,11.743142
9,11,11.810094
8,10,11.869273
8,10,11.92942
10,12,12.00154
16,18,12.117418
7,9,12.172243
12,14,12.256513
10,12,12.328027
9,11,12.39353
10,12,12.464191
6,8,12.512474
7,9,12.566008
7,9,12.620713
7,9,12.675105
10,12,12.745742
8,10,12.804965
10,12,12.876801
14,16,12.972564
7,9,13.026542
6,8,13.074375
19,21,13.198869
15,17,13.300006
8,10,13.359518
18,20,13.477237
6,8,13.52563
6,8,13.573453
8,10,13.632413
6,8,13.680669
7,9,13.734592
15,17,13.835244
27,29,14.006081
7,9,14.060011
16,18,14.171365
11,13,14.250303
6,8,14.297464
10,12,14.368169
9,11,14.434442
7,9,14.487941
13,15,14.576634
14,16,14.671519
13,15,14.761066
7,9,14.814297
7,9,14.867306
12,14,14.950112
11,13,15.027253
10,12,15.099248
16,18,15.206434
9,11,15.272914
28,30,15.450957
6,8,15.500875
20,22,15.631411
7,9,15.685282
6,8,15.732408
6,8,15.780358
6,8,15.828171
6,8,15.875774
11,13,15.953122
9,11,16.01859
7,9,16.072542
6,8,16.120396
6,8,16.168051
6,8,16.215605
6,8,16.264367
6,8,16.313787
8,10,16.373877
7,9,16.427577
7,9,16.482686
9,11,16.549455
7,9,16.603066
11,13,16.681361
8,10,16.742637
6,8,16.791526
15,17,16.892966
6,8,16.940468
11,13,17.017027
8,10,17.075523
6,8,17.123584
11,13,17.200642
6,8,17.253913
7,9,17.308892
13,15,17.398688
6,8,17.44638
13,15,17.536442
7,9,17.590263
6,8,17.637972
7,9,17.691781
8,10,17.750439
10,12,17.82071
11,13,17.896916
8,10,17.956527
7,9,18.010112
8,10,18.069117
7,9,18.122498
7,9,18.175928
6,8,18.223834
15,17,18.324594
9,11,18.390369
9,11,18.461893
14,16,18.559533
18,20,18.680167
12,14,18.76305
7,9,18.817254
6,8,18.865185
6,8,18.912435
10,12,18.984199
11,13,19.062473
7,9,19.117344
15,17,19.220167
17,19,19.333169
8,10,19.393274
8,10,19.453184
24,26,19.610406
6,8,19.659959
8,10,19.720784
9,11,19.787359
7,9,19.84222
11,13,19.920074
14,16,20.015512
13,15,20.105434
9,11,20.17176
8,10,20.232329
7,9,20.286642
14,16,20.382271
15,17,20.483404
16,18,20.590305
9,11,20.656504
14,16,20.752052
13,15,20.841546
16,18,20.949023
8,10,21.009183
8,10,21.06943
9,11,21.135098
14,16,21.230051
11,13,21.307336
7,9,21.36129
8,10,21.421925
7,9,21.47535
8,10,21.534772
27,29,21.707846
6,8,21.755779
12,14,21.842008
9,11,21.907849
6,8,21.956415
8,10,22.01696
9,11,22.083539
7,9,22.136662
13,15,22.234033
18,20,22.35365
6,8,22.402523
18,20,22.522988
8,10,22.583259
11,13,22.662051
14,16,22.757117
8,10,22.817095
7,9,22.87117
12,14,22.954944
8,10,23.013379
17,19,23.126577
16,18,23.233974
7,9,23.288069
21,23,23.426216
12,14,23.510312
17,19,23.625549
6,8,23.674713
11,13,23.754346
7,9,23.808834
6,8,23.857049
11,13,23.93556
12,14,24.020652
6,8,24.069422
18,20,24.189365
6,8,24.237457
19,21,24.362532
16,18,24.469618
7,9,24.524509
6,8,24.573019
7,9,24.626673
6,8,24.675166
8,10,24.735121
8,10,24.794819
8,10,24.854334
11,13,24.932545
7,9,24.986582
10,12,25.058402
11,13,25.136462
7,9,25.191233
6,8,25.240133
9,11,25.306872
6,8,25.355197
12,14,25.438663
18,20,25.558281
7,9,25.612498
23,25,25.760481
6,8,25.808476
7,9,25.862267
7,9,25.916575
7,9,25.97048
9,11,26.036715
23,25,26.187404
15,17,26.290521
10,12,26.362638
14,16,26.458347
10,12,26.531153
16,18,26.63794
6,8,26.685613
12,14,26.767749
16,18,26.874365
16,18,26.983178
12,14,27.067469
34,36,27.28371
8,10,27.344361
20,22,27.477021
7,9,27.531366
12,14,27.616781
11,13,27.6951
7,9,27.749629
7,9,27.803675
6,8,27.85209
7,9,27.907107
6,8,27.95703
9,11,28.023675
16,18,28.132457
8,10,28.192376
7,9,28.246214
17,19,28.358901
9,11,28.423981
7,9,28.4834
13,15,28.573198
6,8,28.621084
11,13,28.699436
10,12,28.772193
6,8,28.819914
11,13,28.897219
11,13,28.975251
7,9,29.028713
15,17,29.130373
8,10,29.191278
15,17,29.293211
16,18,29.401436
10,12,29.473657
19,21,29.598833
7,9,29.653168
12,14,29.736707
7,9,29.791041
8,10,29.851361
8,10,29.911052
6,8,29.959242
6,8,30.015895
13,15,30.106619
6,8,30.155102
17,19,30.269279
9,11,30.336679
9,11,30.403399
8,10,30.463477
13,15,30.553167
18,20,30.673618
7,9,30.727391
8,10,30.787992
9,11,30.853392
15,17,30.955302
6,8,31.002333
16,18,31.110115
9,11,31.176367
21,23,31.314547
7,9,31.369738
8,10,31.430058
11,13,31.509589
11,13,31.587801
9,11,31.655305
7,9,31.710671
9,11,31.77708
6,8,31.825392
16,18,31.934753
9,11,32.001414
19,21,32.129511
19,21,32.255634
9,11,32.320781
6,8,32.36949
6,8,32.417611
6,8,32.466082
8,10,32.525736
8,10,32.58624
15,17,32.687219
7,9,32.741709
6,8,32.790481
8,10,32.850888
13,15,32.941098
6,8,32.989305
10,12,33.061443
10,12,33.133281
11,13,33.210488
13,15,33.300278
10,12,33.373273
9,11,33.439022
6,8,33.486461
6,8,33.534093
7,9,33.588255
9,11,33.655375
12,14,33.738407
6,8,33.78649
11,13,33.865388
11,13,33.942472
10,12,34.014441
11,13,34.092613
10,12,34.164701
9,11,34.231576
7,9,34.286392
22,24,34.430398
15,17,34.532043
7,9,34.586236
14,16,34.68251
7,9,34.736396
22,24,34.879243
6,8,34.927557
7,9,34.982044
14,16,35.0783
7,9,35.132152
8,10,35.192747
18,20,35.314126
8,10,35.375519
6,8,35.423337
14,16,35.522396
14,16,35.619814
7,9,35.674834
10,12,35.747884
8,10,35.809664
11,13,35.88743
11,13,35.966435
6,8,36.015535
8,10,36.075583
12,14,36.159607
8,10,36.219717
11,13,36.297113
14,16,36.392515
11,13,36.4705
20,22,36.601501
11,13,36.680014
20,22,36.811426
10,12,36.883386
7,9,36.937025
7,9,36.991487
9,11,37.059009
16,18,37.168266
15,17,37.26901
21,23,37.406122
14,16,37.501726
43,45,37.769311
10,12,37.84134
11,13,37.919389
6,8,37.967211
24,26,38.122136
10,12,38.194204
12,14,38.278529
7,9,38.332096
10,12,38.403696
8,10,38.467624
8,10,38.528232
10,12,38.600125
11,13,38.67824
8,10,38.738135
9,11,38.804305
7,9,38.857166
6,8,38.904951
10,12,38.977086
7,9,39.030393
17,19,39.145224
13,15,39.234681
17,19,39.349875
6,8,39.398494
7,9,39.4525
8,10,39.514397
6,8,39.5626
17,19,39.678955
30,32,39.872492
10,12,39.944716
6,8,39.993081
14,16,40.089787
7,9,40.144011
10,12,40.215387
7,9,40.270087
9,11,40.336887
25,27,40.498049
6,8,40.54655
6,8,40.59513
22,24,40.737881
15,17,40.839355
6,8,40.88711
28,30,41.067237
6,8,41.116335
6,8,41.163569
24,26,41.318565
7,9,41.37303
7,9,41.42991
11,13,41.509677
11,13,41.588748
8,10,41.649467
6,8,41.698196
9,11,41.764279
9,11,41.830243
18,20,41.950399
8,10,42.01044
7,9,42.066137
8,10,42.126542
8,10,42.188494
16,18,42.301165
8,10,42.361986
8,10,42.422621
13,15,42.524548
7,9,42.579682
9,11,42.646886
19,21,42.7731
8,10,42.832441
7,9,42.885646
6,8,42.934108
6,8,42.982467
7,9,43.036088
10,12,43.108141
10,12,43.180081
8,10,43.240485
9,11,43.308095
7,9,43.363701
13,15,43.455114
39,41,43.703703
15,17,43.807128
13,15,43.897546
21,23,44.035583
6,8,44.084036
15,17,44.186594
21,23,44.324433
6,8,44.372515
15,17,44.474237
7,9,44.528182
11,13,44.605546
13,15,44.696154
8,10,44.756103
7,9,44.810158
9,11,44.876189
8,10,44.93576
10,12,45.007989
10,12,45.080161
32,34,45.284084
12,14,45.370087
12,14,45.454588
16,18,45.562516
10,12,45.633933
16,18,45.74236
27,29,45.915153
15,17,46.015784
7,9,46.070366
7,9,46.124294
8,10,46.184413
6,8,46.232
6,8,46.279647
6,8,46.328501
30,32,46.518237
16,18,46.626416
14,16,46.722077
11,13,46.799481
6,8,46.848027
8,10,46.908063
6,8,46.956064
6,8,47.004141
6,8,47.052497
8,10,47.112458
12,14,47.196292
8,10,47.256286
17,19,47.372505
6,8,47.421036
10,12,47.493963
14,16,47.591671
6,8,47.641609
10,12,47.714252
7,9,47.769987
13,15,47.860469
16,18,47.96875
14,16,48.06557
32,34,48.269488
8,10,48.330266
8,10,48.390411
6,8,48.438947
17,19,48.566812
9,11,48.633775
25,27,48.797495
6,8,48.846539
7,9,48.901524
7,9,48.956543
6,8,49.005395
11,13,49.084553
20,22,49.217623
14,16,49.315459
21,23,49.455173
14,16,49.551908
18,20,49.673784
9,11,49.740573
7,9,49.795835
12,14,49.880549
12,14,49.965532
8,10,50.026675
9,11,50.093693
36,38,50.327272
10,12,50.40195
9,11,50.469856
7,9,50.525135
9,11,50.592762
11,13,50.672578
7,9,50.727272
6,8,50.776426
7,9,50.831382
16,18,50.941146
8,10,51.002506
7,9,51.056855
7,9,51.111469
12,14,51.196616
10,12,51.27105
9,11,51.338249
7,9,51.394713
9,11,51.462628
13,15,51.556587
11,13,51.636827
11,13,51.716954
10,12,51.792865
9,11,51.861417
9,11,51.930441
10,12,52.003822
7,9,52.058814
6,8,52.10753
11,13,52.186798
7,9,52.241759
13,15,52.33358
6,8,52.382752
11,13,52.464379
12,14,52.551557
10,12,52.625457
14,16,52.722628
7,9,52.777427
7,9,52.832638
10,12,52.905805
16,18,53.014788
7,9,53.070371
37,39,53.307233
8,10,53.367367
12,14,53.452984
20,22,53.586673
7,9,53.641296
16,18,53.750756
6,8,53.799707
13,15,53.89077
8,10,53.952768
9,11,54.019819
10,12,54.092796
6,8,54.141936
12,14,54.226801
13,15,54.318667
6,8,54.368278
9,11,54.436141
9,11,54.502959
12,14,54.58831
12,14,54.674417
6,8,54.723582
9,11,54.790464
9,11,54.857493
6,8,54.906535
10,12,54.978599
29,31,55.166572
26,28,55.339071
6,8,55.389185
6,8,55.43957
7,9,55.49601
6,8,55.546659
10,12,55.622018
9,11,55.691071
10,12,55.766079
6,8,55.816754
13,15,55.910229
19,21,56.038581
7,9,56.093824
6,8,56.142844
6,8,56.193925
16,18,56.306883
6,8,56.35603
6,8,56.405613
12,14,56.490867
8,10,56.552362
8,10,56.612844
8,10,56.673483
8,10,56.734287
9,11,56.800582
9,11,56.867436
7,9,56.922516
9,11,56.989439
15,17,57.092658
6,8,57.141344
15,17,57.244819
6,8,57.294125
6,8,57.343722
14,16,57.440555
8,10,57.501765
7,9,57.556671
6,8,57.605383
11,13,57.685582
8,10,57.748561
6,8,57.79771
7,9,57.853822
10,12,58.259707
8,10,58.322728
24,26,58.488413
8,10,58.550985
10,12,58.62405
16,18,58.734196
6,8,58.782549
18,20,58.902508
14,16,58.999429
7,9,59.065765
6,8,59.114892
12,14,59.200749
6,8,59.250004
8,10,59.311514
24,26,59.473873
31,33,59.678678
24,26,59.839356
10,12,59.912724
9,11,59.980237
9,11,60.049242
11,13,60.12908
9,11,60.195865
38,40,60.43657
8,10,60.497326
32,34,60.702731
8,10,60.763714
27,29,60.938254
19,21,61.065305
19,21,61.192172
7,9,61.246564
17,19,61.362622
8,10,61.423516
13,15,61.513274
10,12,61.586561
9,11,61.652966
7,9,61.707947
7,9,61.762467
13,15,61.853566
23,25,62.003533
15,17,62.1066
10,12,62.179814
11,13,62.258231
7,9,62.313214
8,10,62.374561
14,16,62.472193
9,11,62.538505
10,12,62.611543
10,12,62.684416
9,11,62.751029
36,38,62.979731
21,23,63.118502
7,9,63.173534
8,10,63.234836
17,19,63.350454
9,11,63.418174
9,11,63.485946
8,10,63.547086
29,31,63.736837
7,9,63.792882
9,11,63.859552
10,12,63.933489
15,17,64.036437
6,8,64.085531
9,11,64.1526
20,22,64.286671
22,24,64.431639
8,10,64.49248
16,18,64.601191
10,12,64.674751
8,10,64.735506
6,8,64.784651
8,10,64.8454
11,13,64.924529
10,12,64.996687
10,12,65.069447
10,12,65.142864
8,10,65.203926
9,11,65.27054
6,8,65.319876
11,13,65.398545
6,8,65.446487
6,8,65.494666
15,17,65.597516
7,9,65.652589
20,22,65.785409
9,11,65.852511
17,19,65.967368
6,8,66.016304
12,14,66.100553
6,8,66.149516
14,16,66.246401
6,8,66.295462
17,19,66.410788
10,12,66.484013
14,16,66.581406
10,12,66.653631
11,13,66.73234
8,10,66.793213
6,8,66.841152
9,11,66.908303
8,10,66.969938
8,10,67.031399
11,13,67.111285
15,17,67.215694
7,9,67.271298
7,9,67.326464
12,14,67.412838
9,11,67.48136
11,13,67.562041
39,41,67.810735
20,22,67.943553
9,11,68.009618
11,13,68.087494
11,13,68.166457
20,22,68.298273
8,10,68.358215
17,19,68.470593
14,16,68.565803
8,10,68.625512
16,18,68.731975
9,11,68.79737
9,11,68.862181
15,17,68.963194
11,13,69.039936
11,13,69.117451
12,14,69.200782
13,15,69.290388
9,11,69.355396
12,14,69.439074
10,12,69.510217
9,11,69.575849
11,13,69.653496
10,12,69.724217
24,26,69.877623
7,9,69.932212
7,9,69.98569
10,12,70.056737
11,13,70.134352
14,16,70.229893
8,10,70.290699
16,18,70.399124
6,8,70.447109
10,12,70.5189
12,14,70.603274
8,10,70.662463
31,33,70.859206
30,32,71.049401
9,11,71.114285
6,8,71.162127
6,8,71.210124
7,9,71.263963
8,10,71.323459
9,11,71.390619
11,13,71.470078
7,9,71.525842
12,14,71.60942
7,9,71.664302
7,9,71.71926
12,14,71.802404
13,15,71.892562
11,13,71.971449
8,10,72.032021
7,9,72.086512
13,15,72.176134
33,35,72.383849
6,8,72.431975
10,12,72.503847
11,13,72.580791
9,11,72.64661
7,9,72.700344
8,10,72.759492
10,12,72.830512
6,8,72.877464
13,15,72.966699
7,9,73.020346
6,8,73.068292
23,25,73.215249
25,27,73.375015
12,14,73.457994
6,8,73.505735
6,8,73.553053
11,13,73.629997
15,17,73.730893
11,13,73.807908
8,10,73.867462
31,33,74.062488
16,18,74.169541
8,10,74.229527
16,18,74.336171
7,9,74.389986
12,14,74.473684
12,14,74.558596
10,12,74.630255
14,16,74.726251
7,9,74.77969
15,17,74.879691
10,12,74.950188
16,18,75.058082
8,10,75.116339
23,25,75.266581
6,8,75.314719
7,9,75.370085
18,20,75.490695
24,26,75.648237
16,18,75.7575
26,28,75.925463
8,10,75.985711
7,9,76.040408
21,23,76.17752
6,8,76.225646
6,8,76.273521
24,26,76.426872
9,11,76.490774
16,18,76.595712
7,9,76.64949
6,8,76.697364
7,9,76.751174
13,15,76.83992
7,9,76.893441
10,12,76.965005
6,8,77.013082
20,22,77.148051
6,8,77.198039
14,16,77.295548
15,17,77.396497
7,9,77.450447
7,9,77.504054
9,11,77.570066
29,31,77.754492
10,12,77.826368
8,10,77.886194
12,14,77.969089
19,21,78.095291
9,11,78.16145
16,18,78.269488
11,13,78.348063
6,8,78.39614
7,9,78.449628
16,18,78.562593
6,8,78.611474
9,11,78.67831
9,11,78.742965
10,12,78.814429
6,8,78.861163
6,8,78.908117
13,15,78.998341
8,10,79.059597
7,9,79.112982
9,11,79.179384
7,9,79.23444
10,12,79.307431
11,13,79.386601
13,15,79.477541
14,16,79.575529
11,13,79.654157
8,10,79.71401
6,8,79.761855
13,15,79.851178
13,15,79.939494
7,9,79.992746
18,20,80.111974
11,13,80.188873
9,11,80.254473
7,9,80.308461
34,36,80.525887
7,9,80.579679
11,13,80.658454
16,18,80.765361
19,21,80.889853
7,9,80.942433
11,13,81.019923
12,14,81.104137
6,8,81.151247
14,16,81.246433
12,14,81.329999
7,9,81.384439
10,12,81.456545
22,24,81.599897
7,9,81.653915
6,8,81.701571
9,11,81.768099
9,11,81.834193
7,9,81.888168
13,15,81.978095
27,29,82.152517
15,17,82.254246
18,20,82.374571
8,10,82.435432
7,9,82.490011
16,18,82.598078
14,16,82.694293
13,15,82.784282
9,11,82.851439
7,9,82.905394
8,10,82.964511
11,13,83.042501
7,9,83.095261
8,10,83.155385
8,10,83.21504
20,22,83.348722
40,42,83.605465
10,12,83.678777
15,17,83.782829
10,12,83.855235
19,21,83.981488
6,8,84.030027
10,12,84.102113
14,16,84.198485
6,8,84.247292
9,11,84.31435
13,15,84.405805
7,9,84.460517
7,9,84.515201
19,21,84.642718
17,19,84.755902
31,33,84.953449
22,24,85.097005
11,13,85.175148
22,24,85.31847
12,14,85.404191
12,14,85.489335
9,11,85.556312
6,8,85.604933
9,11,85.671407
7,9,85.726132
31,33,85.923727
14,16,86.018658
16,18,86.126451
7,9,86.180234
37,39,86.413046
18,20,86.532735
7,9,86.587147
12,14,86.670658
6,8,86.719417
12,14,86.802399
6,8,86.850017
7,9,86.903597
10,12,86.975216
9,11,87.041487
10,12,87.113696
6,8,87.161004
12,14,87.245394
14,16,87.342386
12,14,87.427919
9,11,87.496952
25,27,87.660213
7,9,87.714676
18,20,87.835531
7,9,87.890558
16,18,87.999546
6,8,88.047455
7,9,88.102473
21,23,88.240274
6,8,88.288535
13,15,88.379367
12,14,88.463197
7,9,88.51722
7,9,88.571349
21,23,88.708457
13,15,88.798123
14,16,88.89395
7,9,88.94812
10,12,89.020462
10,12,89.09268
7,9,89.146389
8,10,89.206231
8,10,89.266072
21,23,89.403559
8,10,89.463258
17,19,89.576566
16,18,89.683656
13,15,89.772509
17,19,89.886395
7,9,89.940513
11,13,90.019745
13,15,90.109103
7,9,90.163396
16,18,90.272058
6,8,90.32059
9,11,90.387108
15,17,90.489134
25,27,90.653114
15,17,90.755207
7,9,90.809153
15,17,90.911185
6,8,90.959169
7,9,91.012431
24,26,91.177078
6,8,91.225565
7,9,91.280686
11,13,91.360639
8,10,91.421961
19,21,91.551599
13,15,91.643819
7,9,91.698617
6,8,91.747715
6,8,91.796656
27,29,91.972755
7,9,92.027015
15,17,92.130141
10,12,92.202505
15,17,92.306936
7,9,92.361974
13,15,92.451285
6,8,92.499887
14,16,92.594182
16,18,92.701841
18,20,92.821076
17,19,92.934295
9,11,93.000033
11,13,93.077352
20,22,93.208475
6,8,93.25678
10,12,93.329381
7,9,93.383554
23,25,93.532097
7,9,93.585768
10,12,93.657409
9,11,93.723359
18,20,93.843298
10,12,93.915339
21,23,94.054244
6,8,94.102425
8,10,94.162287
8,10,94.2225
17,19,94.336351
9,11,94.402509
9,11,94.468487
6,8,94.51649
42,44,94.779195
29,31,94.963788
6,8,95.011372
7,9,95.064569
6,8,95.113065
7,9,95.167212
7,9,95.221297
9,11,95.287992
23,25,95.438338
11,13,95.518967
9,11,95.585442
18,20,95.706924
11,13,95.785012
14,16,95.88136
14,16,95.978529
24,26,96.134495
7,9,96.189524
13,15,96.280593
10,12,96.353025
8,10,96.412366
8,10,96.47236
26,28,96.638602
9,11,96.703677
27,29,96.875947
7,9,96.930286
16,18,97.038284
7,9,97.093438
9,11,97.159143
12,14,97.242449
21,23,97.379558
19,21,97.505426
26,28,97.66915
6,8,97.716698
6,8,97.765211
11,13,97.84421
6,8,97.892644
20,22,98.023906
9,11,98.090398
12,14,98.175114
6,8,98.223423
7,9,98.278339
21,23,98.417454
8,10,98.478882
13,15,98.570957
20,22,98.704263
13,15,98.79415
13,15,98.884096
16,18,98.991294
18,20,99.112405
25,27,99.274377
14,16,99.371494
8,10,99.433456
19,21,99.561566
9,11,99.629654
15,17,99.732788
12,14,99.817389
17,19,99.935046
11,13,100.014628
16,18,100.122662
11,13,100.20061
14,16,100.29635
7,9,100.350072
30,32,100.541234
8,10,100.601451
9,11,100.668468
10,12,100.739946
18,20,100.860776
8,10,100.921578
13,15,101.010189
20,22,101.141197
25,27,101.303823
8,10,101.364598
23,25,101.516523
7,9,101.570052
6,8,101.618429
24,26,101.773546
13,15,101.863449
10,12,101.935945
32,34,102.140237
15,17,102.241194
12,14,102.32553
7,9,102.380076
11,13,102.457433
10,12,102.530071
15,17,102.632356
22,24,102.776257
24,26,102.932387
12,14,103.015382
10,12,103.087557
12,14,103.172637
18,20,103.293507
8,10,103.353962
9,11,103.4207
12,14,103.507068
12,14,103.592823
10,12,103.666707
9,11,103.733699
12,14,103.818841
7,9,103.874191
7,9,103.9287
7,9,103.983565
11,13,104.062632
23,25,104.212467
15,17,104.314471
19,21,104.440173
15,17,104.541096
7,9,104.595236
7,9,104.64919
16,18,104.757385
11,13,104.835442
15,17,104.936696
8,10,104.996476
19,21,105.122442
6,8,105.170088
18,20,105.289933
16,18,105.3975
8,10,105.457985
16,18,105.565413
7,9,105.619084
10,12,105.690415
14,16,105.786309
23,25,105.936621
6,8,105.984944
6,8,106.035985
22,24,106.181478
27,29,106.35635
6,8,106.404166
9,11,106.470666
13,15,106.561544
7,9,106.615828
15,17,106.717204
19,21,106.841978
22,24,106.985584
12,14,107.068172
19,21,107.196549
14,16,107.292703
13,15,107.383583
12,14,107.468736
6,8,107.518881
36,38,107.749749
9,11,107.816412
18,20,107.938872
10,12,108.012599
10,12,108.089259
8,10,108.150274
24,26,108.31077
20,22,108.445587
11,13,108.522645
21,23,108.659184
6,8,108.706903
7,9,108.761177
9,11,108.827153
12,14,108.911119
7,9,108.964276
17,19,109.077778
12,14,109.161302
6,8,109.209427
14,16,109.304745
10,12,109.37608
7,9,109.430394
7,9,109.485035
10,12,109.556973
12,14,109.640032
11,13,109.718057
21,23,109.855072
29,31,110.039968
12,14,110.123298
6,8,110.17161
21,23,110.309055
11,13,110.387301
6,8,110.436196
6,8,110.484286
6,8,110.532132
18,20,110.651055
15,17,110.75282
14,16,110.847877
23,25,110.996631
8,10,111.055576
16,18,111.165238
7,9,111.219655
6,8,111.268033
7,9,111.322657
12,14,111.407159
17,19,111.525313
26,28,111.694639
13,15,111.786649
9,11,111.853618
9,11,111.920529
9,11,111.987239
14,16,112.084644
8,10,112.144523
21,23,112.282536
6,8,112.330213
6,8,112.378508
8,10,112.438265
7,9,112.49252
6,8,112.540335
31,33,112.737984
16,18,112.845723
12,14,112.929669
14,16,113.025889
25,27,113.187293
16,18,113.295749
19,21,113.422457
9,11,113.489306
16,18,113.59748
10,12,113.670555
9,11,113.737015
24,26,113.893362
7,9,113.947505
16,18,114.054359
12,14,114.138525
10,12,114.209658
43,45,114.477176
6,8,114.526462
6,8,114.574785
9,11,114.641369
12,14,114.725435
22,24,114.866195
9,11,114.932046
15,17,115.034508
30,32,115.226502
6,8,115.275175
12,14,115.359865
13,15,115.450762
7,9,115.506181
19,21,115.633737
7,9,115.688533
6,8,115.737387
8,10,115.798565
10,12,115.870616
10,12,115.943595
12,14,116.027112
6,8,116.076499
6,8,116.124401
12,14,116.209713
9,11,116.275471
16,18,116.381992
20,22,116.514462
7,9,116.568367
16,18,116.677767
18,20,116.797379
7,9,116.850907
8,10,116.909343
18,20,117.027519
8,10,117.087174
34,36,117.299292
9,11,117.364514
6,8,117.413037
8,10,117.472225
8,10,117.531416
11,13,117.60911
14,16,117.704054
13,15,117.793615
11,13,117.870447
11,13,117.947463
7,9,118.001518
17,19,118.115487
9,11,118.181229
20,22,118.312938
41,43,118.58574
8,10,118.646456
9,11,118.711495
30,32,118.904552
12,14,118.98989
10,12,119.062728
14,16,119.1601
19,21,119.288689
9,11,119.356906
9,11,119.423934
16,18,119.536698
11,13,119.616988
6,8,119.665724
36,38,119.899137
11,13,119.978701
17,19,120.094687
43,45,120.367173
7,9,120.422696
16,18,120.532618
6,8,120.581416
7,9,120.63587
11,13,120.714764
6,8,120.763559
10,12,120.836353
8,10,120.897297
8,10,120.957351
16,18,121.066234
11,13,121.144682
12,14,121.230274
8,10,121.291575
18,20,121.414124
12,14,121.499278
16,18,121.608275
11,13,121.686559
22,24,121.830528
10,12,121.903584
9,11,121.970476
18,20,122.091886
25,27,122.255354
21,23,122.395537
24,26,122.552559
22,24,122.696488
26,28,122.86539
28,30,123.044454
7,9,123.098446
8,10,123.160243
21,23,123.30105
8,10,123.362902
6,8,123.412554
15,17,123.516954
8,10,123.579834
17,19,123.697727
8,10,123.76073
15,17,123.865078
10,12,123.938632
8,10,124.000131
8,10,124.060758
13,15,124.152525
10,12,124.224564
36,38,124.4539
13,15,124.543842
6,8,124.593014
9,11,124.659872
13,15,124.750543
23,25,124.901253
8,10,124.962436
17,19,125.076709
21,23,125.215584
24,26,125.372613
30,32,125.564618
9,11,125.631463
7,9,125.68651
12,14,125.772097
8,10,125.832719
11,13,125.911359
8,10,125.972386
18,20,126.093659
20,22,126.225455
15,17,126.328245
13,15,126.419656
11,13,126.498672
6,8,126.548157
9,11,126.615518
16,18,126.723433
17,19,126.83672
17,19,126.951272
17,19,127.066643
9,11,127.133673
19,21,127.261537
13,15,127.352686
9,11,127.420669
21,23,127.564225
7,9,127.621816
9,11,127.691096
8,10,127.755073
13,15,127.847853
6,8,127.897192
21,23,128.03664
8,10,128.097514
14,16,128.195455
8,10,128.256709
9,11,128.324084
20,22,128.456619
19,21,128.583516
6,8,128.632547
10,12,128.705526
44,46,128.986825
23,25,129.138663
12,14,129.224887
38,40,129.468149
12,14,129.555152
7,9,129.610383
16,18,129.720941
7,9,129.776565
21,23,129.915821
17,19,130.03049
20,22,130.163604
26,28,130.332651
7,9,130.388341
6,8,130.437558
13,15,130.528394
12,14,130.613627
13,15,130.704302
20,22,130.837095
11,13,130.915391
22,24,131.060595
10,12,131.133833
11,13,131.21287
8,10,131.273617
7,9,131.328941
20,22,131.466908
17,19,131.583786
12,14,131.671796
49,51,131.986661
41,43,132.248561
7,9,132.303071
11,13,132.38138
10,12,132.454572
16,18,132.563542
7,9,132.618459
12,14,132.703578
29,31,132.890562
13,15,132.981561
15,17,133.084305
22,24,133.229622
7,9,133.284041
13,15,133.376304
24,26,133.53258
6,8,133.581511
10,12,133.654571
7,9,133.707928
10,12,133.777541
6,8,133.823949
6,8,133.87004
8,10,133.927347
17,19,134.034497
9,11,134.097183
7,9,134.148259
6,8,134.194441
23,25,134.33357
11,13,134.405511
8,10,134.460376
27,29,134.618455
47,49,134.884604
8,10,134.939313
13,15,135.021612
31,33,135.203447
17,19,135.306496
8,10,135.361225
14,16,135.448579
14,16,135.53618
6,8,135.57954
19,21,135.692608
11,13,135.76348
30,32,135.937921
12,14,136.013499
17,19,136.114803
10,12,136.179864
12,14,136.255109
6,8,136.297894
28,30,136.457026
14,16,136.542509
6,8,136.585937
15,17,136.676196
6,8,136.718947
20,22,136.836376
9,11,136.894383
19,21,137.004877
19,21,137.116515
21,23,137.238787
34,36,137.429679
7,9,137.477733
20,22,137.594708
32,34,137.775609
15,17,137.86586
10,12,137.929822
13,15,138.009302
29,31,138.173375
17,19,138.275249
6,8,138.31846
7,9,138.367132
18,20,138.474982
7,9,138.523792
18,20,138.63116
17,19,138.734596
11,13,138.805253
8,10,138.860034
7,9,138.908968
21,23,139.033789
11,13,139.104677
13,15,139.185632
9,11,139.245033
6,8,139.289212
37,39,139.500464
25,27,139.650247
9,11,139.711219
7,9,139.759923
12,14,139.836508
8,10,139.891213
22,24,140.020111
10,12,140.08354
26,28,140.233294
17,19,140.341294
7,9,140.391543
6,8,140.43776
29,31,140.607082
14,16,140.695021
13,15,140.777074
11,13,140.848562
14,16,140.937014
10,12,141.003908
15,17,141.098228
18,20,141.209112
25,27,141.358492
14,16,141.446984
14,16,141.535763
12,14,141.612771
7,9,141.662172
27,29,141.822006
11,13,141.89377
15,17,141.98721
38,40,142.206991
22,24,142.339311
16,18,142.440598
6,8,142.48581
29,31,142.660111
8,10,142.716061
6,8,142.760308
7,9,142.810511
25,27,142.960032
8,10,143.015996
20,22,143.138587
15,17,143.233058
21,23,143.362139
15,17,143.458563
14,16,143.551439
30,32,143.734854
18,20,143.848559
6,8,143.894664
41,43,144.13455
6,8,144.179281
18,20,144.290275
14,16,144.379057
20,22,144.501307
14,16,144.590183
9,11,144.651989
27,29,144.812773
9,11,144.873286
31,33,145.054009
20,22,145.17447
18,20,145.284849
12,14,145.363159
13,15,145.448296
9,11,145.51046
20,22,145.632889
23,25,145.771298
28,30,145.936314
12,14,146.013937
14,16,146.103887
17,19,146.208263
26,28,146.364454
9,11,146.426062
8,10,146.482566
6,8,146.527279
23,25,146.667655
10,12,146.734035
11,13,146.806196
14,16,146.894397
19,21,147.007065
10,12,147.070272
6,8,147.120064
19,21,147.239013
31,33,147.418223
10,12,147.484522
16,18,147.581047
17,19,147.680013
12,14,147.753678
27,29,147.905271
6,8,147.947981
12,14,148.024344
9,11,148.084325
10,12,148.149876
9,11,148.210126
18,20,148.317967
28,30,148.478992
20,22,148.595825
10,12,148.661178
12,14,148.736016
27,29,148.892103
8,10,148.945939
12,14,149.021003
11,13,149.090883
7,9,149.138991
22,24,149.266995
31,33,149.443894
30,32,149.616783
17,19,149.718885
31,33,149.896149
8,10,149.950141
9,11,150.009195
19,21,150.122425
55,57,150.422218
8,10,150.475055
9,11,150.534516
27,29,150.687532
21,23,150.805934
6,8,150.848171
7,9,150.895301
15,17,150.982731
29,31,151.142922
8,10,151.194793
31,33,151.366099
6,8,151.408526
11,13,151.478967
23,25,151.609906
6,8,151.652827
21,23,151.775573
30,32,151.944682
7,9,151.99402
15,17,152.085716
19,21,152.199999
27,29,152.355036
15,17,152.447537
29,31,152.612983
7,9,152.661274
29,31,152.82592
10,12,152.890357
9,11,152.950052
31,33,153.127954
16,18,153.224486
14,16,153.309883
29,31,153.476089
10,12,153.540443
9,11,153.60044
43,45,153.840987
8,10,153.895224
21,23,154.019103
12,14,154.093979
18,20,154.201777
16,18,154.297876
10,12,154.362844
27,29,154.516379
22,24,154.642577
10,12,154.704924
8,10,154.756938
18,20,154.860852
13,15,154.939896
8,10,154.992305
11,13,155.060238
26,28,155.206086
8,10,155.2586
19,21,155.370026
42,44,155.602229
9,11,155.659299
8,10,155.712366
9,11,155.769528
10,12,155.833382
10,12,155.896878
6,8,155.940132
16,18,156.037994
15,17,156.129974
12,14,156.206064
10,12,156.271131
18,20,156.378494
12,14,156.454386
11,13,156.523985
14,16,156.608563
16,18,156.705873
6,8,156.748996
10,12,156.813545
46,48,157.071408
13,15,157.15313
16,18,157.250049
8,10,157.303107
20,22,157.421228
7,9,157.470402
26,28,157.621466
25,27,157.765784
9,11,157.825474
18,20,157.932186
10,12,157.997028
6,8,158.04011
10,12,158.105073
13,15,158.186258
15,17,158.276604
9,11,158.335225
15,17,158.423649
6,8,158.465604
28,30,158.620914
12,14,158.694391
17,19,158.794888
10,12,158.856933
53,55,159.141311
7,9,159.188269
17,19,159.288882
25,27,159.430975
16,18,159.527786
6,8,159.573568
21,23,159.699971
10,12,159.762906
8,10,159.815768
7,9,159.863201
20,22,159.981786
9,11,160.040828
19,21,160.152956
10,12,160.219021
16,18,160.316471
11,13,160.386114
9,11,160.445953
12,14,160.521383
10,12,160.586067
11,13,160.655139
18,20,160.763295
28,30,160.923338
14,16,161.008887
11,13,161.07949
11,13,161.148842
18,20,161.255903
20,22,161.372929
10,12,161.437992
13,15,161.518996
9,11,161.5783
18,20,161.684068
15,17,161.77547
18,20,161.883942
8,10,161.937716
17,19,162.03897
9,11,162.098104
10,12,162.161118
12,14,162.236976
15,17,162.328
6,8,162.371028
8,10,162.423839
10,12,162.486693
6,8,162.529663
12,14,162.603269
16,18,162.697101
8,10,162.749086
28,30,162.905818
13,15,162.984345
15,17,163.073098
8,10,163.125146
22,24,163.250892
11,13,163.31902
13,15,163.399338
22,24,163.527578
8,10,163.582088
35,37,163.778791
8,10,163.832022
21,23,163.956045
6,8,164.000244
9,11,164.059305
17,19,164.16326
16,18,164.260571
14,16,164.346124
6,8,164.389096
17,19,164.489684
8,10,164.543484
6,8,164.586003
10,12,164.651138
31,33,164.829174
13,15,164.909298
13,15,164.990165
30,32,165.162968
25,27,165.308209
12,14,165.384045
8,10,165.437925
18,20,165.544008
6,8,165.586336
14,16,165.671313
9,11,165.731252
22,24,165.861194
24,26,166.000574
6,8,166.043873
8,10,166.09789
6,8,166.140928
13,15,166.221107
6,8,166.263179
18,20,166.369267
7,9,166.41806
8,10,166.471016
15,17,166.559873
15,17,166.647799
13,15,166.726281
18,20,166.829835
32,34,167.004636
27,29,167.156508
33,35,167.340891
6,8,167.382935
17,19,167.484535
22,24,167.6145
7,9,167.661483
13,15,167.742289
12,14,167.817034
6,8,167.860063
31,33,168.037242
19,21,168.15134
18,20,168.260332
18,20,168.36756
25,27,168.511105
20,22,168.629015
10,12,168.695183
17,19,168.799751
20,22,168.918405
12,14,168.993174
16,18,169.089763
17,19,169.192287
16,18,169.290219
16,18,169.386207
7,9,169.435037
13,15,169.515013
21,23,169.639047
58,60,169.96091
38,40,170.175077
23,25,170.308745
19,21,170.418971
9,11,170.477534
32,34,170.655123
8,10,170.708029
10,12,170.768984
21,23,170.888644
9,11,170.94621
9,11,171.002736
11,13,171.070571
13,15,171.147934
20,22,171.264676
31,33,171.437884
22,24,171.566314
13,15,171.646538
6,8,171.689933
21,23,171.813485
8,10,171.865158
22,24,171.993393
27,29,172.151812
40,42,172.37922
11,13,172.448247
9,11,172.508243
7,9,172.556205
10,12,172.621303
14,16,172.706301
9,11,172.765503
33,35,172.953629
25,27,173.096886
32,34,173.281
18,20,173.386897
31,33,173.565857
14,16,173.652152
36,38,173.856844
19,21,173.993765
42,44,174.266165
6,8,174.30992
11,13,174.379931
22,24,174.507092
23,25,174.638219
31,33,174.812081
15,17,174.90038
12,14,174.972508
7,9,175.019065
12,14,175.093779
26,28,175.240847
28,30,175.401496
10,12,175.46644
6,8,175.509959
6,8,175.553425
15,17,175.644849
22,24,175.771589
25,27,175.913174
24,26,176.054681
7,9,176.103733
12,14,176.18011
13,15,176.26149
7,9,176.310291
16,18,176.407313
21,23,176.531308
15,17,176.620374
9,11,176.678985
30,32,176.850073
12,14,176.925908
22,24,177.054563
10,12,177.119212
8,10,177.173705
6,8,177.217039
6,8,177.260197
9,11,177.320832
7,9,177.36982
16,18,177.465817
10,12,177.531112
10,12,177.595095
6,8,177.638157
21,23,177.762768
9,11,177.822943
19,21,177.939376
24,26,178.078872
23,25,178.214095
11,13,178.284694
45,47,178.530813
13,15,178.609298
7,9,178.65708
9,11,178.716171
8,10,178.768191
6,8,178.810557
6,8,178.851735
9,11,178.910073
22,24,179.034837
27,29,179.19718
24,26,179.344196
33,35,179.544144
15,17,179.642133
12,14,179.72235
15,17,179.820738
16,18,179.923166
9,11,179.984992
16,18,180.086884
33,35,180.281763
11,13,180.354243
9,11,180.415983
19,21,180.533498
16,18,180.632195
31,33,180.8145
6,8,180.859382
30,32,181.038308
8,10,181.093848
21,23,181.221778
16,18,181.320695
15,17,181.414787
33,35,181.607651
14,16,181.695784
22,24,181.829012
6,8,181.873833
51,53,182.167295
50,52,182.458255
6,8,182.503411
15,17,182.601094
15,17,182.697001
9,11,182.758006
9,11,182.819152
11,13,182.892148
19,21,183.008666
16,18,183.109417
15,17,183.205292
7,9,183.256129
10,12,183.324057
23,25,183.466072
26,28,183.626761
9,11,183.689528
10,12,183.75808
63,65,184.126164
33,35,184.321347
28,30,184.487784
13,15,184.571457
13,15,184.654497
12,14,184.731726
21,23,184.859782
12,14,184.938033
16,18,185.037282
14,16,185.126773
6,8,185.171307
24,26,185.314812
15,17,185.413078
12,14,185.494089
11,13,185.569165
12,14,185.6461
24,26,185.787974
9,11,185.848644
14,16,185.936311
15,17,186.030468
40,42,186.259688
19,21,186.376273
9,11,186.438003
11,13,186.511119
9,11,186.57283
22,24,186.706652
83,85,187.178456
6,8,187.223549
18,20,187.334262
16,18,187.433559
6,8,187.477724
11,13,187.549337
41,43,187.787483
18,20,187.897795
10,12,187.964666
12,14,188.041116
6,8,188.085089
16,18,188.184951
32,34,188.368257
8,10,188.422531
8,10,188.476505
13,15,188.557709
52,54,188.845753
41,43,189.075846
14,16,189.163404
8,10,189.218626
6,8,189.262872
9,11,189.323361
17,19,189.426658
13,15,189.506853
12,14,189.582551
7,9,189.631401
7,9,189.679728
40,42,189.905333
10,12,189.970239
33,35,190.157661
11,13,190.227708
17,19,190.331418
15,17,190.42219
19,21,190.536084
16,18,190.63408
25,27,190.781356
26,28,190.935199
6,8,190.980116
16,18,191.079403
8,10,191.134135
13,15,191.216557
29,31,191.385199
44,46,191.637875
11,13,191.710018
6,8,191.754763
23,25,191.891658
10,12,191.957589
31,33,192.138555
6,8,192.182302
12,14,192.258256
14,16,192.344894
25,27,192.489846
8,10,192.543313
27,29,192.698483
24,26,192.837923
6,8,192.881276
8,10,192.935883
56,58,193.247474
13,15,193.328807
9,11,193.388685
48,50,193.657816
7,9,193.705909
61,63,194.042569
13,15,194.123719
15,17,194.215042
12,14,194.292985
8,10,194.34758
7,9,194.397503
22,24,194.528963
19,21,194.643692
11,13,194.714426
18,20,194.824192
22,24,194.956772
85,87,195.432859
11,13,195.504899
17,19,195.610519
21,23,195.738198
42,44,195.983429
16,18,196.081431
17,19,196.183645
22,24,196.312527
12,14,196.388157
35,37,196.587128
33,35,196.775174
13,15,196.855324
7,9,196.904399
14,16,196.990313
27,29,197.145579
6,8,197.189351
14,16,197.276436
7,9,197.325508
22,24,197.454462
49,51,197.727962
35,37,197.925941
15,17,198.017266
34,36,198.209864
13,15,198.29114
8,10,198.345458
28,30,198.510312
18,20,198.621033
29,31,198.791261
9,11,198.85209
8,10,198.906823
11,13,198.978277
18,20,199.087556
13,15,199.170431
10,12,199.235801
20,22,199.356849
6,8,199.400366
44,46,199.654852
7,9,199.705041
19,21,199.821435
11,13,199.892589
26,28,200.044682
59,61,200.373095
30,32,200.544579
7,9,200.593827
51,53,200.877034
71,73,201.274521
6,8,201.318102
16,18,201.415192
9,11,201.475699
22,24,201.604472
7,9,201.653373
17,19,201.761054
37,39,201.978249
25,27,202.125632
24,26,202.266616
11,13,202.33806
20,22,202.458738
19,21,202.574356
10,12,202.641606
20,22,202.763465
20,22,202.885543
18,20,202.996927
43,45,203.245195
39,41,203.473238
9,11,203.53523
6,8,203.580613
35,37,203.78561
9,11,203.847351
26,28,204.004675
17,19,204.110933
16,18,204.212815
18,20,204.324792
12,14,204.401794
21,23,204.528871
9,11,204.590513
7,9,204.640602
16,18,204.740808
28,30,204.907835
30,32,205.08461
15,17,205.179366
16,18,205.278068
17,19,205.382598
12,14,205.45858
15,17,205.551364
16,18,205.649186
37,39,205.85902
6,8,205.903053
10,12,205.968242
23,25,206.104121
6,8,206.147093
32,34,206.331727
23,25,206.466806
12,14,206.542699
9,11,206.602819
11,13,206.674293
25,27,206.822594
13,15,206.9052
21,23,207.032878
37,39,207.247402
9,11,207.30813
89,91,207.80911
12,14,207.886476
24,26,208.030545
18,20,208.1406
26,28,208.295425
9,11,208.354235
6,8,208.396557
24,26,208.530549
33,35,208.715587
15,17,208.805845
17,19,208.906304
30,32,209.076435
8,10,209.130568
13,15,209.21059
17,19,209.311594
15,17,209.401643
20,22,209.518891
30,32,209.687347
21,23,209.809035
40,42,210.03157
19,21,210.143865
16,18,210.239619
14,16,210.324831
16,18,210.420011
43,45,210.656669
12,14,210.730326
24,26,210.863536
12,14,210.93631
19,21,211.045817
127,129,211.713756
33,35,211.894513
22,24,212.022405
14,16,212.107938
25,27,212.254303
29,31,212.419644
30,32,212.589474
26,28,212.737657
11,13,212.806306
18,20,212.910983
9,11,212.970062
48,50,213.235007
7,9,213.283599
20,22,213.400972
7,9,213.450042
26,28,213.598769
51,53,213.874091
9,11,213.931063
10,12,213.995307
27,29,214.149543
18,20,214.256123
8,10,214.310043
9,11,214.368989
46,48,214.620573
16,18,214.714915
31,33,214.885385
10,12,214.946531
22,24,215.069432
12,14,215.143654
15,17,215.234784
37,39,215.435414
12,14,215.508944
26,28,215.672931
7,9,215.72891
14,16,215.826461
17,19,215.94154
50,52,216.253548
6,8,216.301273
9,11,216.367246
36,38,216.592477
67,69,217.001278
14,16,217.096479
9,11,217.16217
23,25,217.310182
56,58,217.653603
14,16,217.748384
18,20,217.867099
15,17,217.96806
29,31,218.152483
16,18,218.259587
71,73,218.692336
6,8,218.740159
7,9,218.792659
16,18,218.899628
14,16,218.99349
15,17,219.094713
15,17,219.196009
23,25,219.346412
18,20,219.466047
18,20,219.589373
17,19,219.703828
27,29,219.878614
172,174,220.913091
12,14,220.997617
12,14,221.082624
13,15,221.172173
18,20,221.290714
7,9,221.345029
53,55,221.670501
12,14,221.753439
15,17,221.854215
26,28,222.019702
8,10,222.077337
7,9,222.127931
27,29,222.286849
8,10,222.341831
40,42,222.575942
7,9,222.62694
31,33,222.831936
22,24,222.976712
15,17,223.080068
17,19,223.19798
46,48,223.501072
10,12,223.578124
21,23,223.72186
32,34,223.933075
20,22,224.067501
18,20,224.188523
18,20,224.309659
32,34,224.516334
44,46,224.797747
17,19,224.916334
63,65,225.315577
20,22,225.453716
29,31,225.64426
6,8,225.693827
13,15,225.785931
7,9,225.84167
37,39,226.081706
7,9,226.137649
10,12,226.212791
20,22,226.350478
19,21,226.479742
11,13,226.560938
6,8,226.611534
10,12,226.684571
26,28,226.853695
39,41,227.104628
16,18,227.216641
83,85,227.749785
56,58,228.108246
14,16,228.207029
9,11,228.275513
32,34,228.484305
7,9,228.539917
19,21,228.668565
22,24,228.819002
7,9,228.874994
50,52,229.193446
8,10,229.254475
24,26,229.411491
17,19,229.526536
9,11,229.594724
15,17,229.700149
17,19,229.819918
12,14,229.906672
26,28,230.110783
16,18,230.228098
67,69,230.671644
9,11,230.74264
59,61,231.133028
58,60,231.535606
12,14,231.628215
35,37,231.86917
72,74,232.344419
8,10,232.408724
41,43,232.682771
26,28,232.862736
10,12,232.940627
23,25,233.101669
9,11,233.172132
6,8,233.223732
53,55,233.575092
50,52,233.906844
31,33,234.115727
8,10,234.179425
43,45,234.467096
18,20,234.5961
26,28,234.778211
33,35,235.005836
104,106,235.687947
19,21,235.822242
10,12,235.897951
9,11,235.967466
36,38,236.20912
76,78,236.679273
21,23,236.813636
24,26,236.964696
45,47,237.238197
32,34,237.435924
10,12,237.506085
13,15,237.594246
31,33,237.785233
14,16,237.879042
11,13,237.955215
20,22,238.085479
6,8,238.131998
61,63,238.503124
63,65,238.882017
12,14,238.964134
93,95,239.52407
31,33,239.722548
28,30,239.902795
8,10,239.962982
28,30,240.143069
6,8,240.191306
97,99,240.765132
11,13,240.841289
14,16,240.935195
13,15,241.024005
63,65,241.408115
68,70,241.823979
63,65,242.208411
11,13,242.286166
33,35,242.495136
18,20,242.614272
30,32,242.802333
36,38,243.024624
9,11,243.088346
103,105,243.715856
87,89,244.245091
52,54,244.564995
153,155,245.471626
89,91,245.996786
26,28,246.159226
13,15,246.247301
26,28,246.414361
31,33,246.608757
42,44,246.866517
15,17,246.965281
42,44,247.22287
54,56,247.555791
7,9,247.610545
11,13,247.690527
111,113,248.351063
29,31,248.529954
33,35,248.735949
23,25,248.883103
10,12,248.954033
36,38,249.177865
124,126,249.921289
62,64,250.298988
49,51,250.599809
11,13,250.677038
62,64,251.052444
8,10,251.112009
13,15,251.205129
35,37,251.42803
19,21,251.555467
8,10,251.613656
12,14,251.695252
100,102,252.278009
15,17,252.376377
29,31,252.554876
19,21,252.675193
126,128,253.406214
14,16,253.499012
34,36,253.705217
31,33,253.89454
26,28,254.055639
36,38,254.273798
10,12,254.344261
55,57,254.674014
10,12,254.743628
43,45,255.000725
61,63,255.363412
47,49,255.653595
22,24,255.794976
27,29,255.965096
35,37,256.178149
25,27,256.333076
7,9,256.385002
10,12,256.455098
36,38,256.673214
56,58,257.003404
168,170,257.972075
26,28,258.132936
12,14,258.213125
32,34,258.409694
92,94,258.951733
10,12,259.022068
9,11,259.085174
24,26,259.236145
8,10,259.295194
25,27,259.454275
24,26,259.608111
9,11,259.673
110,112,260.318973
27,29,260.484947
25,27,260.639026
23,25,260.783182
137,139,261.577494
17,19,261.6864
146,148,262.540027
48,50,262.830007
18,20,262.946085
9,11,263.010219
180,182,264.07318
13,15,264.15927
40,42,264.400596
52,54,264.709112
93,95,265.250845
77,79,265.704297
56,58,266.034903
6,8,266.080904
195,197,267.218676
43,45,267.480752
8,10,267.540042
159,161,268.471868
77,79,268.923615
65,67,269.304828
68,70,269.70489
26,28,269.865124
114,116,270.53015
19,21,270.653112
19,21,270.77519
161,163,271.723359
68,70,272.12318
99,101,272.698109
14,16,272.790748
10,12,272.860195
133,135,273.632231
20,22,273.758908
38,40,273.987736
78,80,274.446548
11,13,274.522033
29,31,274.702297
53,55,275.01842
83,85,275.510907
36,38,275.736478
22,24,275.87815
274,276,277.456023
170,172,278.43847
26,28,278.600051
104,106,279.209751
63,65,279.589586
72,74,280.012069
30,32,280.193355
39,41,280.427946
17,19,280.538967
24,26,280.688119
20,22,280.815273
31,33,281.005111
534,536,284.097068
185,187,285.165004
132,134,285.931887
878,880,291.094081
462,464,293.805983
20,22,293.933946
264,266,295.490064
392,394,297.759084
383,385,299.980533
22,24,300.118149
69,71,300.524354
437,439,303.049467
80,82,303.526123
54,56,303.84788
229,231,305.167486
293,295,306.858129
270,272,308.437508
35,37,308.648896
326,328,310.523986
407,409,312.876202
198,200,314.016345
586,588,317.399089
175,177,318.413919
128,130,319.189475
131,133,319.96945
1959,1961,330.731531
23,25,330.869598
217,219,332.066872
8,10,332.121528
46,48,332.379812
131,133,333.091868
83,85,333.54589
264,266,334.980381
429,431,337.341151
25,27,337.486713
188,190,338.51533
82,84,338.976859
44,46,339.230459
217,219,340.441198
43,45,340.689555
253,255,342.080126
315,317,343.797721
17,19,343.899292
13,15,343.980379
1140,1142,350.203371
287,289,351.784552
96,98,352.311759
25,27,352.456555
112,114,353.066896
173,175,354.002187
293,295,355.609791
67,69,355.989291
134,136,356.733361
12,14,356.810294
340,342,358.647345
216,218,359.842453
601,603,363.08408
121,123,363.758501
178,180,364.729993
8,10,364.784088
24,26,364.923601
68,70,365.298895
32,34,365.481241
290,292,367.057844
447,449,369.476459
452,454,371.936392
22,24,372.066903
1003,1005,377.482602
208,210,378.611367
764,766,382.754878
198,200,383.868573
31,33,384.048157
205,207,385.155739
93,95,385.664126
41,43,385.898513
451,453,388.365998
599,601,391.608849
1024,1026,397.147556
275,277,398.633777
38,40,398.853696
494,496,401.629524
213,215,402.837153
138,140,403.638254
577,579,406.89176
47,49,407.16854
500,502,410.001966
301,303,411.7214
477,479,414.415415
51,53,414.714793
159,161,415.629619
438,440,418.109
589,591,421.457373
34,36,421.660048
83,85,422.137838
771,773,426.511987
515,517,429.435895
296,298,431.142216
518,520,434.079982
326,328,435.951976
93,95,436.488813
248,250,437.887949
133,135,438.648945
92,94,439.180799
207,209,440.376066
494,496,443.166088
557,559,446.321694
438,440,448.818062
740,742,453.006086
236,238,454.336998
68,70,454.734484
372,374,456.883034
226,228,458.173346
483,485,460.956074
214,216,462.179161
72,74,462.601989
319,321,464.449084
34,36,464.654112
183,185,465.702782
296,298,467.404231
9,11,467.469112
132,134,468.244964
640,642,471.913993
246,248,473.317789
93,95,473.856131
254,256,475.316376
43,45,475.578341
168,170,476.55595
497,499,479.416385
52,54,479.734057
465,467,482.393641
578,580,485.705174
96,98,486.257832
218,220,487.519066
48,50,487.812991
61,63,488.173174
36,38,488.389773
90,92,488.910043
116,118,489.580671
251,253,491.022647
169,171,492.013851
145,147,492.849242
492,494,495.66694
506,508,498.560951
569,571,501.814859
44,46,502.077441
260,262,503.578839
396,398,505.843117
301,303,507.578424
879,881,512.616192
31,33,512.821984
48,50,513.109389
318,320,514.945192
264,266,516.482375
60,62,516.833815
8,10,516.89054
26,28,517.050182
25,27,517.204377
28,30,517.375051
221,223,518.644252
36,38,518.861993
259,261,520.366149
493,495,523.134831
55,57,523.453521
28,30,523.624113
434,436,526.057756
89,91,526.567841
858,860,531.35387
250,252,532.755182
125,127,533.457161
169,171,534.402183
41,43,534.644
71,73,535.049588
549,551,538.11028
390,392,540.310517
18,20,540.423297
24,26,540.569942
107,109,541.184413
12,14,541.262719
208,210,542.416446
353,355,544.40204
420,422,546.774959
473,475,549.426137
43,45,549.68091
39,41,549.913227
208,210,551.090931
574,576,554.295086
78,80,554.7431
14,16,554.833598
197,199,555.956189
462,464,558.527787
81,83,558.98993
9,11,559.051829
315,317,560.836747
460,462,563.429094
84,86,563.919935
216,218,565.124806
256,258,566.571419
176,178,567.564216
394,396,569.773876
152,154,570.637167
461,463,573.22721
279,281,574.790426
343,345,576.728237
29,31,576.904579
316,318,578.680551
673,675,582.444891
152,154,583.307049
310,312,585.053031
525,527,587.999382
13,15,588.082389
129,131,588.808542
472,474,591.445403
15,17,591.543827
95,97,592.096016
774,776,596.420395
177,179,597.411835
617,619,600.874996
16,18,600.976041
180,182,601.985912
197,199,603.099366
491,493,605.854881
141,143,606.653442
404,406,608.930432
190,192,609.995722
33,35,610.190135
502,504,613.030675
441,443,615.504455
560,562,618.665032
120,122,619.357358
232,234,620.67603
129,131,621.40265
236,238,622.725644
145,147,623.551286
182,184,624.587022
168,170,625.543069
51,53,625.846244
133,135,626.613101
142,144,627.422832
227,229,628.707198
742,744,632.863107
12,14,632.941895
30,32,633.120476
94,96,633.652512
28,30,633.819524
55,57,634.134745
28,30,634.302957
26,28,634.461598
294,296,636.134414
36,38,636.347279
138,140,637.124845
67,69,637.507107
265,267,638.995258
351,353,640.995154
192,194,642.079226
151,153,642.942221
214,216,644.155202
155,157,645.026203
279,281,646.611133
28,30,646.780629
355,357,648.78065
271,273,650.306018
489,491,653.085036
98,100,653.643123
393,395,655.870257
213,215,657.071451
267,269,658.571954
64,66,658.94207
110,112,659.575123
87,89,660.072875
34,36,660.275143
413,415,662.5802
178,180,663.597229
193,195,664.695375
73,75,665.112764
140,142,665.913476
156,158,666.811479
412,414,669.137352
28,30,669.304435
113,115,669.942509
8,10,669.998166
113,115,670.643166
48,50,670.923624
27,29,671.086571
8,10,671.143145
79,81,671.603975
297,299,673.270467
77,79,673.707072
90,92,674.21896
173,175,675.20348
727,729,679.285154
471,473,681.929166
24,26,682.073899
214,216,683.288947
207,209,684.468445
192,194,685.542901
374,376,687.650615
32,34,687.846766
477,479,690.516504
640,642,694.109195
51,53,694.403973
87,89,694.904674
79,81,695.358492
562,564,698.508928
744,746,702.676521
35,37,702.883073
180,182,703.919865
554,556,707.015872
514,516,709.90166
607,609,713.320603
130,132,714.0572
224,226,715.324983
232,234,716.637734
56,58,716.968943
67,69,717.356586
933,935,722.630924
87,89,723.134597
184,186,724.201562
924,926,729.420403
78,80,729.868343
217,219,731.104516
356,358,733.130575
394,396,735.36185
143,145,736.193171
789,791,740.736353
287,289,742.386448
212,214,743.62116
1192,1194,750.492309
263,265,752.025152
28,30,752.197372
279,281,753.798127
402,404,756.131161
169,171,757.105146
166,168,758.071026
30,32,758.257973
587,589,761.660387
52,54,761.970248
464,466,764.668071
6,8,764.714991
131,133,765.484121
94,96,766.040088
157,159,766.955174
174,176,767.977508
18,20,768.092277
77,79,768.542049
16,18,768.645331
358,360,770.716965
383,385,772.915107
185,187,773.985216
77,79,774.442181
195,197,775.589311
355,357,777.639594
305,307,779.404054
259,261,780.916361
57,59,781.252798
349,351,783.268132
341,343,785.263131
49,51,785.555138
177,179,786.58203
38,40,786.81196
44,46,787.076212
70,72,787.495293
213,215,788.750065
452,454,791.37818
151,153,792.263439
156,158,793.166149
291,293,794.854097
234,236,796.22313
369,371,798.342366
68,70,798.745217
415,417,801.12185
677,679,804.993272
99,101,805.561468
312,314,807.336457
256,258,808.802971
7,9,808.854399
252,254,810.282
884,886,815.296067
433,435,817.756207
95,97,818.303199
326,328,820.183159
75,77,820.615067
69,71,821.014063
304,306,822.704498
104,106,823.293346
465,467,825.887012
149,151,826.723989
55,57,827.043211
94,96,827.584749
16,18,827.687507
592,594,831.010798
784,786,835.436101
109,111,836.069144
93,95,836.59981
872,874,841.483652
765,767,845.792264
28,30,845.960106
1053,1055,851.887851
101,103,852.465179
33,35,852.661304
757,759,856.937584
676,678,860.751047
324,326,862.597452
365,367,864.659463
89,91,865.171541
294,296,866.825033
369,371,868.917091
82,84,869.385113
39,41,869.612824
410,412,871.923134
284,286,873.515052
493,495,876.312065
902,904,881.367162
225,227,882.63397
302,304,884.347126
776,778,888.69822
41,43,888.9381
81,83,889.400526
139,141,890.181738
26,28,890.338047
103,105,890.930611
166,168,891.887849
95,97,892.431039
241,243,893.779094
302,304,895.487918
75,77,895.932337
200,202,897.057082
41,43,897.296937
409,411,899.605233
68,70,900.006397
132,134,900.753559
90,92,901.265348
539,541,904.320201
109,111,904.937147
104,106,905.526891
75,77,905.954139
712,714,909.944922
162,164,910.864597
472,474,913.540452
707,709,917.511274
13,15,917.594019
344,346,919.535156
149,151,920.379691
386,388,922.539058
54,56,922.852515
46,48,923.121931
16,18,923.22344
35,37,923.43213
394,396,925.651359
282,284,927.23912
436,438,929.693613
307,309,931.422438
358,360,933.439877
457,459,936.021565
23,25,936.16181
263,265,937.633001
574,576,940.858285
53,55,941.163289
99,101,941.733416
55,57,942.055631
93,95,942.591028
313,315,944.365026
174,176,945.354188
36,38,945.566536
1007,1009,951.207083
472,474,953.844925
522,524,956.770215
55,57,957.08454
30,32,957.261292
96,98,957.80102
51,53,958.095896
126,128,958.810121
98,100,959.369399
507,509,962.19874
48,50,962.479715
52,54,962.783609
37,39,962.999149
39,41,963.229927
476,478,965.889237
540,542,968.913737
308,310,970.630399
191,193,971.715253
71,73,972.125941
51,53,972.41994
453,455,974.936348
312,314,976.698252
131,133,977.436134
56,58,977.756283
15,17,977.851153
228,230,979.129348
249,251,980.538769
851,853,985.300854
139,141,986.090175
807,809,990.603953
42,44,990.85026
165,167,991.789162
104,106,992.376113
239,241,993.70609
405,407,995.991625
522,524,998.933015
690,692,1002.817454
630,632,1006.364571
115,117,1007.024338
548,550,1010.108922
594,596,1013.460537
800,802,1017.961034
619,621,1021.444061
92,94,1021.966339
60,62,1022.314132
592,594,1025.645092
269,271,1027.16052
161,163,1028.088839
465,467,1030.694515
63,65,1031.058075
337,339,1032.96633
747,749,1037.153277
549,551,1040.246048
203,205,1041.386171
312,314,1043.147017
18,20,1043.270856
56,58,1043.609412
142,144,1044.427955
362,364,1046.451016
250,252,1047.878878
319,321,1049.663251
544,546,1052.732085
209,211,1053.922982
284,286,1055.530847
22,24,1055.670936
220,222,1056.909389
63,65,1057.269768
107,109,1057.875283
76,78,1058.310186
58,60,1058.647585
63,65,1059.012834
483,485,1061.740093
340,342,1063.671975
125,127,1064.385948
76,78,1064.81934
723,725,1068.882348
162,164,1069.791559
54,56,1070.103083
174,176,1071.091285
523,525,1074.027439
147,149,1074.862428
91,93,1075.38411
8,10,1075.446048
9,11,1075.510933
453,455,1078.094066
145,147,1078.931129
179,181,1079.97167
492,494,1082.773211
69,71,1083.176393
180,182,1084.232107
678,680,1088.115151
63,65,1088.483221
28,30,1088.653254
67,69,1089.044876
178,180,1090.050134
326,328,1091.93041
28,30,1092.100399
121,123,1092.789495
86,88,1093.280104
166,168,1094.216056
26,28,1094.37488
73,75,1094.798353
573,575,1098.028008
12,14,1098.109154
318,320,1099.934931
185,187,1100.99289
163,165,1101.920171
8,10,1101.976926
139,141,1102.775991
241,243,1104.15715
845,847,1108.947155
253,255,1110.384593
7,9,1110.436288
92,94,1110.969082
83,85,1111.452526
65,67,1111.839601
47,49,1112.120246
34,36,1112.32434
355,357,1114.333132
511,513,1117.2441
157,159,1118.13908
85,87,1118.634896
656,658,1122.322503
1486,1488,1130.600569
210,212,1131.803324
142,144,1132.612191
226,228,1133.884958
62,64,1134.24187
16,18,1134.343771
326,328,1136.186336
459,461,1138.758132
508,510,1141.602391
383,385,1143.76358
237,239,1145.09517
15,17,1145.189887
997,999,1150.778139
95,97,1151.32282
140,142,1152.131057
30,32,1152.309999
33,35,1152.506179
131,133,1153.251692
68,70,1153.641307
35,37,1153.847736
140,142,1154.643279
25,27,1154.796037
331,333,1156.673377
537,539,1159.703015
78,80,1160.153441
214,216,1161.35663
97,99,1161.908817
1228,1230,1168.818356
7,9,1168.869117
101,103,1169.444874
73,75,1169.863372
177,179,1170.872666
204,206,1172.034091
191,193,1173.111505
651,653,1176.776027
183,185,1177.809247
38,40,1178.03197
216,218,1179.259435
561,563,1182.418799
468,470,1185.089138
30,32,1185.268575
525,527,1188.247101
398,400,1190.477307
89,91,1190.984975
70,72,1191.387083
666,668,1195.113077
445,447,1197.603257
70,72,1198.005076
123,125,1198.702598
394,396,1200.932707
270,272,1202.451505
10,12,1202.520053
102,104,1203.104391
435,437,1205.56509
96,98,1206.11196
292,294,1207.776448
501,503,1210.588782
65,67,1210.966219
95,97,1211.514631
76,78,1211.960093
246,248,1213.36033
61,63,1213.717934
115,117,1214.376935
45,47,1214.644083
143,145,1215.46124
45,47,1215.729151
179,181,1216.739151
277,279,1218.306249
11,13,1218.379985
210,212,1219.579533
322,324,1221.398261
214,216,1222.607189
9,11,1222.669885
83,85,1223.14744
636,638,1226.721193
29,31,1226.894518
670,672,1230.678095
301,303,1232.408916
385,387,1234.575273
334,336,1236.478301
87,89,1236.974987
226,228,1238.247029
1155,1157,1244.792125
119,121,1245.474764
245,247,1246.866191
641,643,1250.493587
30,32,1250.675168
421,423,1253.071363
37,39,1253.290828
92,94,1253.815931
558,560,1256.982584
348,350,1258.950382
73,75,1259.374972
358,360,1261.413147
741,743,1265.610119
108,110,1266.22608
1472,1474,1274.54866
249,251,1275.979487
398,400,1278.235098
35,37,1278.446352
113,115,1279.097105
62,64,1279.462816
35,37,1279.677369
39,41,1279.911818
268,270,1281.43551
34,36,1281.639942
264,266,1283.148044
267,269,1284.672976
318,320,1286.467131
592,594,1289.815127
252,254,1291.25201
299,301,1292.956952
444,446,1295.46901
462,464,1298.080589
371,373,1300.199873
181,183,1301.22688
77,79,1301.670911
236,238,1303.02165
129,131,1303.774399
947,949,1309.13188
93,95,1309.666211
45,47,1309.929168
126,128,1310.65463
72,74,1311.073209
670,672,1314.866157
984,986,1320.440335
195,197,1321.54039
8,10,1321.596117
195,197,1322.70599
582,584,1326.02613
17,19,1326.13414
47,49,1326.412144
271,273,1327.97191
259,261,1329.43998
262,264,1330.934856
238,240,1332.311813
1057,1059,1338.307109
279,281,1339.911139
301,303,1341.613121
104,106,1342.209265
301,303,1343.933662
674,676,1347.740822
452,454,1350.28185
141,143,1351.091408
39,41,1351.324254
121,123,1352.033492
264,266,1353.516855
14,16,1353.607033
209,211,1354.797126
121,123,1355.494773
139,141,1356.289002
426,428,1358.689905
400,402,1360.957088
473,475,1363.636641
94,96,1364.183574
278,280,1365.745808
484,486,1368.502207
114,116,1369.149924
198,200,1370.2688
21,23,1370.398921
31,33,1370.58718
51,53,1370.885892
832,834,1375.611291
13,15,1375.6979
137,139,1376.48442
57,59,1376.814937
513,515,1379.718993
29,31,1379.896543
1393,1395,1387.764542
380,382,1389.905974
146,148,1390.742885
150,152,1391.605948
130,132,1392.359789
624,626,1395.889757
147,149,1396.723188
23,25,1396.86398
75,77,1397.29541
354,356,1399.298102
293,295,1400.967251
40,42,1401.200601
368,370,1403.283168
128,130,1404.025006
198,200,1405.140517
69,71,1405.536199
429,431,1407.98111
471,473,1410.635123
119,121,1411.318038
187,189,1412.387373
232,234,1413.689831
330,332,1415.568584
75,77,1416.012019
320,322,1417.813383
218,220,1419.070458
157,159,1419.983147
172,174,1420.955201
346,348,1422.890846
84,86,1423.366172
103,105,1423.96485
456,458,1426.525975
331,333,1428.412095
220,222,1429.653307
258,260,1431.116062
24,26,1431.263142
538,540,1434.304528
195,197,1435.418924
155,157,1436.3098
180,182,1437.325633
267,269,1438.834895
9,11,1438.897074
710,712,1442.893439
250,252,1444.324675
140,142,1445.11715
142,144,1445.92008
749,751,1450.145921
20,22,1450.268336
783,785,1454.686461
80,82,1455.148388
26,28,1455.309254
287,289,1456.972048
238,240,1458.316857
21,23,1458.44688
40,42,1458.686209
122,124,1459.386037
450,452,1461.92527
259,261,1463.396184
50,52,1463.696101
195,197,1464.800717
802,804,1469.318931
486,488,1472.06283
11,13,1472.136259
123,125,1472.835194
101,103,1473.411443
380,382,1475.580858
8,10,1475.639863
305,307,1477.37938
146,148,1478.208309
130,132,1478.954154
1292,1294,1486.265945
116,118,1486.933934
129,131,1487.679736
253,255,1489.111226
257,259,1490.561767
195,197,1491.683129
416,418,1494.027517
99,101,1494.59652
800,802,1499.104156
36,38,1499.320863
201,203,1500.475128
156,158,1501.356673
51,53,1501.652908
609,611,1505.103074
66,68,1505.482855
226,228,1506.761505
302,304,1508.484283
269,271,1509.999179
86,88,1510.494974
169,171,1511.462102
104,106,1512.065833
71,73,1512.472729
326,328,1514.325977
356,358,1516.359
155,157,1517.236092
247,249,1518.63506
229,231,1519.951428
227,229,1521.232631
35,37,1521.43841
126,128,1522.153284
52,54,1522.459863
600,602,1525.834783
11,13,1525.907228
66,68,1526.288291
106,108,1526.900426
431,433,1529.340827
44,46,1529.597908
238,240,1530.944373
108,110,1531.571982
278,280,1533.147348
46,48,1533.415199
129,131,1534.144419
111,113,1534.784079
202,204,1535.943185
120,122,1536.632005
179,181,1537.665079
238,240,1539.014108
240,242,1540.392738
223,225,1541.646127
620,622,1545.157373
13,15,1545.241451
55,57,1545.559355
333,335,1547.443913
65,67,1547.830149
121,123,1548.521933
573,575,1551.75609
123,125,1552.450438
82,84,1552.924065
301,303,1554.62454
803,805,1559.153242
173,175,1560.170675
98,100,1560.731518
79,81,1561.184177
648,650,1564.855173
77,79,1565.297862
178,180,1566.306134
331,333,1568.197096
237,239,1569.534148
55,57,1569.853555
256,258,1571.307616
789,791,1575.778734
170,172,1576.763536
211,213,1577.959219
276,278,1579.530897
260,262,1581.0104
14,16,1581.099705
285,287,1582.709741
72,74,1583.124926
35,37,1583.335045
518,520,1586.25587
306,308,1588.01157
153,155,1588.88006
57,59,1589.21014
10,12,1589.277335
112,114,1589.91513
473,475,1592.606468
58,60,1592.941403
89,91,1593.449641
521,523,1596.409204
137,139,1597.185017
753,755,1601.459984
253,255,1602.905862
75,77,1603.339647
700,702,1607.325125
21,23,1607.457999
47,49,1607.742182
275,277,1609.301554
273,275,1610.840478
8,10,1610.897229
9,11,1610.958381
361,363,1613.001514
897,899,1618.030605
50,52,1618.323205
266,268,1619.842037
468,470,1622.458052
625,627,1625.973787
77,79,1626.417812
444,446,1628.931678
520,522,1631.864722
374,376,1633.960446
191,193,1635.040468
683,685,1638.88155
478,480,1641.558328
159,161,1642.4571
70,72,1642.863496
160,162,1643.782243
139,141,1644.572897
318,320,1646.353176
211,213,1647.555268
588,590,1650.858176
300,302,1652.571906
292,294,1654.237253
28,30,1654.40782
181,183,1655.442042
366,368,1657.507123
313,315,1659.269064
274,276,1660.815269
577,579,1664.074254
362,364,1666.096137
314,316,1667.886229
173,175,1668.886371
24,26,1669.034895
340,342,1670.983289
92,94,1671.526408
8,10,1671.586132
113,115,1672.250942
28,30,1672.42291
774,776,1676.849663
340,342,1678.811232
564,566,1682.070401
80,82,1682.542459
211,213,1683.783343
319,321,1685.62514
526,528,1688.683424
167,169,1689.647374
607,609,1693.154882
356,358,1695.206961
82,84,1695.700958
167,169,1696.67516
134,136,1697.452083
623,625,1701.048839
381,383,1703.221976
19,21,1703.342545
61,63,1703.708269
20,22,1703.834965
189,191,1704.913868
6,8,1704.959968
167,169,1705.908148
192,194,1707.014919
491,493,1709.812521
387,389,1712.039087
986,988,1717.63729
33,35,1717.834819
598,600,1721.25451
150,152,1722.112061
275,277,1723.633225
264,266,1725.104939
456,458,1727.646651
889,891,1732.615718
222,224,1733.85608
101,103,1734.427577
189,191,1735.497524
423,425,1737.857048
101,103,1738.432883
493,495,1741.211865
10,12,1741.278792
327,329,1743.104458
289,291,1744.740437
17,19,1744.845823
573,575,1748.070104
162,164,1748.985006
70,72,1749.381978
519,521,1752.300527
14,16,1752.389208
81,83,1752.848029
636,638,1756.405872
33,35,1756.600301
67,69,1756.980304
230,232,1758.264671
238,240,1759.612852
231,233,1760.916376
61,63,1761.264748
59,61,1761.603155
87,89,1762.095517
283,285,1763.694639
53,55,1764.002612
786,788,1768.385809
48,50,1768.661818
638,640,1772.232849
244,246,1773.603506
517,519,1776.499343
316,318,1778.285964
899,901,1783.327062
126,128,1784.055152
99,101,1784.615123
117,119,1785.270334
44,46,1785.52434
42,44,1785.773207
110,112,1786.396055
215,217,1787.615791
188,190,1788.689006
40,42,1788.921439
66,68,1789.296132
142,144,1790.091757
71,73,1790.497831
85,87,1790.985187
145,147,1791.817715
47,49,1792.097552
102,104,1792.685221
482,484,1795.383012
42,44,1795.633517
123,125,1796.323699
260,262,1797.793246
34,36,1797.997178
235,237,1799.323947
160,162,1800.24326
208,210,1801.405115
437,439,1803.865939
426,428,1806.241629
155,157,1807.121487
197,199,1808.249055
81,83,1808.708409
146,148,1809.526956
65,67,1809.89844
276,278,1811.456043
686,688,1815.307264
23,25,1815.44887
242,244,1816.816057
118,120,1817.478338
62,64,1817.831894
115,117,1818.486383
115,117,1819.140311
139,141,1819.943214
67,69,1820.327421
87,89,1820.820536
91,93,1821.333651
257,259,1822.77209
24,26,1822.917669
204,206,1824.074967
86,88,1824.577773
108,110,1825.203732
168,170,1826.142037
103,105,1826.745362
9,11,1826.807471
92,94,1827.334809
71,73,1827.753853
79,81,1828.211428
143,145,1829.014087
57,59,1829.34069
59,61,1829.678046
84,86,1830.154987
94,96,1830.693953
176,178,1831.698997
11,13,1831.773867
35,37,1831.983913
132,134,1832.726801
40,42,1832.959847
166,168,1833.886843
680,682,1837.692909
190,192,1838.76156
330,332,1840.633723
6,8,1840.6783
189,191,1841.733939
37,39,1841.950522
586,588,1845.237246
83,85,1845.706978
247,249,1847.093838
349,351,1849.059296
491,493,1851.81428
234,236,1853.125073
134,136,1853.893206
466,468,1856.521696
11,13,1856.59381
600,602,1859.949932
203,205,1861.086728
19,21,1861.203918
699,701,1865.113658
108,110,1865.721803
383,385,1867.881389
1653,1655,1877.096648
104,106,1877.684492
553,555,1880.793137
247,249,1882.168972
260,262,1883.641953
211,213,1884.827295
261,263,1886.275253
37,39,1886.493048
50,52,1886.790218
490,492,1889.542058
240,242,1890.889124
184,186,1891.938075
10,12,1892.004981
392,394,1894.199631
184,186,1895.24365
648,650,1898.862647
315,317,1900.639533
430,432,1903.057278
769,771,1907.358228
98,100,1907.931849
19,21,1908.050843
45,47,1908.312799
182,184,1909.32945
213,215,1910.524928
1386,1388,1918.261952
204,206,1919.419003
615,617,1922.847694
133,135,1923.614569
337,339,1925.499255
353,355,1927.479614
105,107,1928.08895
77,79,1928.528212
11,13,1928.600471
77,79,1929.03821
141,143,1929.828514
64,66,1930.195158
205,207,1931.352239
6,8,1931.397761
468,470,1934.032106
182,184,1935.062791
361,363,1937.108632
155,157,1937.988197
22,24,1938.121548
608,610,1941.530916
39,41,1941.758117
27,29,1941.919258
44,46,1942.173091
915,917,1947.276186
108,110,1947.905231
901,903,1952.92123
93,95,1953.444267
387,389,1955.612043
486,488,1958.319434
446,448,1960.821347
81,83,1961.279368
211,213,1962.454334
38,40,1962.681903
328,330,1964.540199
63,65,1964.898723
397,399,1967.113183
122,124,1967.82051
218,220,1969.041183
121,123,1969.720443
56,58,1970.039995
24,26,1970.184051
520,522,1973.104455
375,377,1975.197071
1187,1189,1981.871104
18,20,1981.982818
13,15,1982.067527
126,128,1982.788018
541,543,1985.833846
713,715,1989.845956
23,25,1989.985122
204,206,1991.145031
147,149,1991.990038
413,415,1994.320405
728,730,1998.424219
43,45,1998.696964
592,594,2002.09812
982,984,2007.69809
15,17,2007.797918
284,286,2009.410923
359,361,2011.456919
672,674,2015.297569
363,365,2017.373295
13,15,2017.459266
54,56,2017.779239
42,44,2018.031091
158,160,2018.945209
926,928,2024.157052
522,524,2027.045804
397,399,2029.276129
17,19,2029.380294
31,33,2029.561453
46,48,2029.824909
142,144,2030.618897
370,372,2032.708969
85,87,2033.188755
318,320,2034.960674
43,45,2035.211806
315,317,2036.984818
120,122,2037.657174
353,355,2039.636137
40,42,2039.877068
78,80,2040.322785
27,29,2040.481927
695,697,2044.35326
442,444,2046.810529
10,12,2046.877273
62,64,2047.23513
560,562,2050.364091
133,135,2051.118896
163,165,2052.051693
157,159,2052.930198
1535,1537,2061.460743
239,241,2062.793633
69,71,2063.200418
238,240,2064.559144
345,347,2066.494995
219,221,2067.753786
85,87,2068.244502
202,204,2069.378139
153,155,2070.241971
240,242,2071.611409
662,664,2075.338105
273,275,2076.89186
560,562,2080.049152
167,169,2080.990247
110,112,2081.61424
124,126,2082.327866
454,456,2084.898407
235,237,2086.215419
384,386,2088.398349
46,48,2088.667843
370,372,2090.745123
317,319,2092.549795
80,82,2093.00619
55,57,2093.324369
39,41,2093.553074
465,467,2096.193109
466,468,2098.807615
210,212,2100.01188
477,479,2102.686232
93,95,2103.218419
241,243,2104.593019
21,23,2104.72292
58,60,2105.057074
164,166,2105.982719
163,165,2106.913196
342,344,2108.851674
351,353,2110.823522
801,803,2115.321215
292,294,2116.974142
156,158,2117.854424
322,324,2119.681962
9,11,2119.745358
1088,1090,2125.857401
428,430,2128.287678
189,191,2129.35942
22,24,2129.492325
68,70,2129.884414
307,309,2131.635715
289,291,2133.269893
31,33,2133.454476
74,76,2133.878893
15,17,2133.974101
100,102,2134.550624
38,40,2134.776498
164,166,2135.722068
18,20,2135.838162
517,519,2138.754031
237,239,2140.117092
277,279,2141.674433
395,397,2143.92052
505,507,2146.766347
106,108,2147.376095
349,351,2149.356164
46,48,2149.62435
286,288,2151.246082
242,244,2152.622967
204,206,2153.774364
142,144,2154.580607
485,487,2157.327677
108,110,2157.943519
27,29,2158.106022
880,882,2163.067358
132,134,2163.836785
58,60,2164.177065
100,102,2164.74612
495,497,2167.548458
70,72,2167.964866
270,272,2169.489008
172,174,2170.465039
81,83,2170.93359
201,203,2172.091894
111,113,2172.722813
91,93,2173.242752
128,130,2173.967881
108,110,2174.588027
342,344,2176.533887
423,425,2178.908138
80,82,2179.372049
112,114,2180.025041
205,207,2181.181596
37,39,2181.399467
647,649,2185.053212
249,251,2186.456115
175,177,2187.457091
93,95,2188.006071
205,207,2189.171264
436,438,2191.636637
334,336,2193.536436
709,711,2197.529887
263,265,2199.033413
91,93,2199.562537
124,126,2200.277336
250,252,2201.680494
123,125,2202.379286
44,46,2202.639882
1027,1029,2208.436189
659,661,2212.147857
633,635,2215.700465
8,10,2215.757913
316,318,2217.530812
77,79,2217.970638
34,36,2218.171859
89,91,2218.686325
326,328,2220.525949
351,353,2222.489425
181,183,2223.522893
137,139,2224.310343
269,271,2225.815967
339,341,2227.735959
172,174,2228.710248
83,85,2229.185876
566,568,2232.372852
755,757,2236.613521
92,94,2237.135905
26,28,2237.291539
138,140,2238.069545
283,285,2239.678089
193,195,2240.773021
338,340,2242.670642
210,212,2243.876434
322,324,2245.682827
163,165,2246.605366
118,120,2247.282133
555,557,2250.407552
53,55,2250.719087
15,17,2250.814883
208,210,2252.009059
363,365,2254.041971
696,698,2257.959924
323,325,2259.793912
125,127,2260.513113
408,410,2262.805908
40,42,2263.041502
179,181,2264.075068
151,153,2264.930425
241,243,2266.283256
193,195,2267.381464
369,371,2269.478681
456,458,2272.052445
70,72,2272.454188
260,262,2273.90961
21,23,2274.037257
58,60,2274.371942
91,93,2274.897337
351,353,2276.888602
38,40,2277.111584
52,54,2277.412022
102,104,2277.991128
72,74,2278.405304
117,119,2279.075923
225,227,2280.360304
322,324,2282.168719
61,63,2282.524133
38,40,2282.751046
28,30,2282.918548
856,858,2287.747427
38,40,2287.977438
171,173,2288.942653
43,45,2289.192959
50,52,2289.481616
390,392,2291.689449
312,314,2293.445197
319,321,2295.240553
739,741,2299.450119
34,36,2299.661553
1219,1221,2306.601959
78,80,2307.063155
175,177,2308.072153
34,36,2308.274056
749,751,2312.494966
86,88,2312.993216
119,121,2313.674421
372,374,2315.782515
226,228,2317.055062
230,232,2318.344609
7,9,2318.395888
76,78,2318.839652
703,705,2322.775824
135,137,2323.526782
62,64,2323.887139
425,427,2326.221246
101,103,2326.792787
40,42,2327.023867
378,380,2329.139166
20,22,2329.262599
118,120,2329.919305
22,24,2330.051478
40,42,2330.282489
105,107,2330.876062
565,567,2334.003333
243,245,2335.358853
668,670,2339.053108
58,60,2339.388255
114,116,2340.042126
508,510,2342.839229
6,8,2342.883257
23,25,2343.021819
510,512,2345.853696
42,44,2346.09497
893,895,2351.059505
36,38,2351.27154
476,478,2353.906078
137,139,2354.676201
76,78,2355.106206
616,618,2358.515913
84,86,2358.994032
241,243,2360.349113
401,403,2362.556346
555,557,2365.656511
240,242,2366.998905
70,72,2367.401691
252,254,2368.822485
11,13,2368.894398
195,197,2369.980239
192,194,2371.057793
164,166,2371.992991
213,215,2373.17818
434,436,2375.615439
316,318,2377.379098
692,694,2381.238009
136,138,2381.99455
122,124,2382.686053
81,83,2383.148881
170,172,2384.120352
16,18,2384.220757
966,968,2389.577297
677,679,2393.349289
134,136,2394.097221
236,238,2395.422814
664,666,2399.117559
258,260,2400.581148
631,633,2404.106008
91,93,2404.621239
359,361,2406.614093
18,20,2406.726015
30,32,2406.905116
255,257,2408.356065
211,213,2409.541728
199,201,2410.653125
148,150,2411.490641
6,8,2411.537565
56,58,2411.861336
371,373,2413.939466
31,33,2414.125059
11,13,2414.198854
254,256,2415.635212
134,136,2416.39679
58,60,2416.727873
9,11,2416.789213
214,216,2417.981366
175,177,2418.96529
224,226,2420.241767
321,323,2422.014816
6,8,2422.05999
244,246,2423.434694
246,248,2424.820263
6,8,2424.864718
904,906,2429.890348
472,474,2432.542558
20,22,2432.663977
240,242,2433.998078
190,192,2435.06659
508,510,2437.897282
21,23,2438.025381
109,111,2438.646117
41,43,2438.885994
289,291,2440.520759
238,240,2441.84479
431,433,2444.268129
202,204,2445.395634
821,823,2449.968356
24,26,2450.111177
317,319,2451.898574
148,150,2452.725504
129,131,2453.448885
109,111,2454.057765
839,841,2458.734793
441,443,2461.203598
141,143,2461.987139
210,212,2463.16915
294,296,2464.828123
23,25,2464.967207
260,262,2466.414388
68,70,2466.805869
64,66,2467.173182
147,149,2468.032998
141,143,2468.846136
55,57,2469.170203
400,402,2471.420884
115,117,2472.090167
160,162,2472.991781
67,69,2473.375038
139,141,2474.15616
53,55,2474.467112
157,159,2475.364417
170,172,2476.343934
504,506,2479.170894
81,83,2479.645679
43,45,2479.905215
7,9,2479.957047
405,407,2482.219985
135,137,2482.993043
278,280,2484.587959
424,426,2486.978045
173,175,2487.97752
303,305,2489.68784
443,445,2492.198185
291,293,2493.828296
286,288,2495.453935
273,275,2497.000813
182,184,2498.023294
161,163,2498.940378
439,441,2501.4204
147,149,2502.251576
43,45,2502.505026
49,51,2502.791355
26,28,2502.948359
15,17,2503.043891
21,23,2503.173204
264,266,2504.679566
384,386,2506.833114
637,639,2510.419984
241,243,2511.79475
482,484,2514.498987
226,228,2515.795921
44,46,2516.056677
231,233,2517.354367
165,167,2518.283254
13,15,2518.367433
628,630,2521.90604
154,156,2522.783147
59,61,2523.124727
11,13,2523.200788
254,256,2524.643707
165,167,2525.56529
132,134,2526.307408
390,392,2528.518139
54,56,2528.827718
100,102,2529.390907
31,33,2529.575108
681,683,2533.387299
24,26,2533.531406
205,207,2534.679952
62,64,2535.03493
56,58,2535.361964
142,144,2536.178518
334,336,2538.034995
469,471,2540.680531
102,104,2541.257218
325,327,2543.073796
632,634,2546.61063
220,222,2547.857023
112,114,2548.486252
370,372,2550.546589
136,138,2551.319633
271,273,2552.845834
158,160,2553.730182
96,98,2554.279904
403,405,2556.559378
135,137,2557.316993
20,22,2557.439892
514,516,2560.335843
102,104,2560.911567
439,441,2563.365025
212,214,2564.573784
134,136,2565.322971
291,293,2566.961455
80,82,2567.422038
134,136,2568.196423
326,328,2570.029286
400,402,2572.28589
50,52,2572.573988
9,11,2572.635127
15,17,2572.728982
556,558,2575.839368
61,63,2576.190511
19,21,2576.30666
239,241,2577.635698
55,57,2577.949143
821,823,2582.550349
14,16,2582.641593
594,596,2585.954229
228,230,2587.254846
812,814,2591.83723
366,368,2593.888386
87,89,2594.386495
48,50,2594.670212
267,269,2596.193441
783,785,2600.588909
167,169,2601.52812
257,259,2602.981004
260,262,2604.462857
1379,1381,2612.191783
374,376,2614.258948
400,402,2616.515155
340,342,2618.400557
198,200,2619.523175
6,8,2619.569579
593,595,2622.835636
340,342,2624.712013
63,65,2625.065411
856,858,2629.748658
300,302,2631.401401
96,98,2631.94622
47,49,2632.223835
21,23,2632.35058
218,220,2633.566673
276,278,2635.116044
158,160,2636.022821
282,284,2637.590605
153,155,2638.452852
136,138,2639.226241
84,86,2639.71287
373,375,2641.780142
592,594,2645.098921
431,433,2647.506371
125,127,2648.224156
355,357,2650.190616
346,348,2652.145226
201,203,2653.263111
760,762,2657.509657
198,200,2658.618883
48,50,2658.899104
118,120,2659.5763
481,483,2662.241884
126,128,2662.956069
411,413,2665.265984
37,39,2665.481506
67,69,2665.863494
323,325,2667.685002
547,549,2670.728625
123,125,2671.429188
917,919,2676.579154
620,622,2680.061007
338,340,2681.951079
441,443,2684.443157
202,204,2685.573966
64,66,2685.950225
6,8,2685.996134
275,277,2687.562483
26,28,2687.724084
376,378,2689.82692
327,329,2691.676781
177,179,2692.678296
176,178,2693.665594
173,175,2694.645377
139,141,2695.43898
111,113,2696.086064
300,302,2697.775995
16,18,2697.876997
192,194,2698.9691
746,748,2703.156186
652,654,2706.811511
36,38,2707.024141
213,215,2708.243962
131,133,2708.980419
30,32,2709.158161
207,209,2710.318657
556,558,2713.467021
509,511,2716.368459
7,9,2716.419139
557,559,2719.566256
2147,2149,2731.701874
61,63,2732.064906
371,373,2734.152277
16,18,2734.25514
345,347,2736.234926
85,87,2736.722069
168,170,2737.673971
135,137,2738.44488
288,290,2740.099346
516,518,2743.007387
92,94,2743.543926
39,41,2743.783583
442,444,2746.275534
181,183,2747.313257
707,709,2751.315219
121,123,2752.02296
19,21,2752.14209
635,637,2755.730608
37,39,2755.956008
360,362,2757.981839
297,299,2759.72905
11,13,2759.806004
160,162,2760.730415
241,243,2762.109401
42,44,2762.36226
106,108,2762.979287
131,133,2763.748994
251,253,2765.192166
119,121,2765.880463
49,51,2766.172329
24,26,2766.322957
314,316,2768.145122
170,172,2769.120178
16,18,2769.223388
115,117,2769.885029
609,611,2773.38061
107,109,2774.003065
9,11,2774.06675
157,159,2774.97643
552,554,2778.143136
61,63,2778.505069
537,539,2781.586407
538,540,2784.679043
504,506,2787.57083
394,396,2789.833239
69,71,2790.236409
101,103,2790.827739
229,231,2792.160525
502,504,2795.029346
218,220,2796.298371
18,20,2796.412193
871,873,2801.377349
56,58,2801.703009
298,300,2803.401906
163,165,2804.336507
8,10,2804.393584
303,305,2806.106001
40,42,2806.345036
101,103,2806.92846
835,837,2811.674928
111,113,2812.320307
250,252,2813.731854
130,132,2814.476177
123,125,2815.182942
