# {"t_start": 1558128554.7334826, "env_id": "DeepCars-v0"} 
r,l,t
9,11,1.350859
32,34,1.376969
12,14,1.389285
20,22,1.406447
12,14,1.416809
6,8,1.42304
6,8,1.429135
11,13,1.43952
17,19,1.453253
10,12,1.462587
6,8,1.468418
9,11,1.476917
14,16,1.48894
9,11,1.49715
16,18,1.510557
18,20,1.524887
6,8,1.530809
15,17,1.543476
10,12,1.552057
16,18,1.565419
11,13,1.574709
11,13,1.584206
9,11,1.592379
12,14,1.6031
11,13,1.612906
8,10,1.621478
7,9,1.628656
11,13,1.638873
12,14,1.649517
6,8,1.656161
14,16,1.668433
10,12,1.67748
10,12,1.686868
26,28,1.708971
9,11,1.717747
11,13,1.72869
6,8,1.735203
7,9,1.742258
7,9,1.749596
7,9,1.756196
7,9,1.763254
6,8,1.769553
7,9,1.776814
7,9,1.783698
13,15,1.795788
7,9,1.803465
20,22,1.820576
12,14,1.831577
10,12,1.840755
6,8,1.847247
6,8,1.853756
9,11,1.862889
6,8,1.869108
20,22,1.886093
6,8,1.892827
14,16,1.904629
17,19,1.9206
14,16,1.933076
8,10,1.941055
6,8,1.947413
8,10,1.955548
17,19,1.971282
6,8,1.978237
7,9,1.98585
7,9,1.993032
11,13,2.003837
10,12,2.013317
8,10,2.020977
7,9,2.028383
6,8,2.034803
7,9,2.042512
9,11,2.051786
6,8,2.058836
6,8,2.065672
8,10,2.074418
6,8,2.081089
15,17,2.095753
8,10,2.104485
9,11,2.113192
7,9,2.12076
9,11,2.129549
10,12,2.2321
16,18,2.323436
7,9,2.365288
10,12,2.42033
7,9,2.462927
7,9,2.506328
6,8,2.545205
14,16,2.622658
10,12,2.679899
15,17,2.762413
7,9,2.807101
6,8,2.847505
9,11,2.903528
10,12,2.96464
11,13,3.031363
17,19,3.147543
9,11,3.216645
6,8,3.266927
13,15,3.358455
11,13,3.439484
19,21,3.566842
7,9,3.621379
6,8,3.670086
6,8,3.719099
12,14,3.805327
7,9,3.860607
8,10,3.92122
6,8,3.970029
7,9,4.024951
16,18,4.133736
7,9,4.187963
10,12,4.260058
6,8,4.308025
13,15,4.397859
6,8,4.444765
7,9,4.498839
13,15,4.588136
10,12,4.661926
7,9,4.720063
6,8,4.77189
6,8,4.823174
11,13,4.916472
9,11,4.987352
9,11,5.059608
9,11,5.131064
20,22,5.274428
7,9,5.330544
8,10,5.391695
13,15,5.484781
29,31,5.67961
9,11,5.748578
11,13,5.830503
21,23,5.97541
17,19,6.092182
17,19,6.205956
7,9,6.258866
14,16,6.354549
7,9,6.411556
9,11,6.481842
6,8,6.532828
6,8,6.583665
11,13,6.667109
14,16,6.772874
6,8,6.825039
6,8,6.876359
11,13,6.956221
9,11,7.024795
7,9,7.082217
14,16,7.183328
14,16,7.284748
6,8,7.336756
7,9,7.393608
12,14,7.481867
9,11,7.551117
8,10,7.611989
21,23,7.751234
7,9,7.806492
6,8,7.85577
15,17,7.960827
12,14,8.048333
10,12,8.127388
6,8,8.178399
8,10,8.24121
20,22,8.376238
14,16,8.473731
28,30,8.665582
7,9,8.72367
12,14,8.814404
9,11,8.885574
8,10,8.95059
10,12,9.027937
6,8,9.086544
9,11,9.158499
8,10,9.223239
10,12,9.300272
11,13,9.383841
7,9,9.441836
9,11,9.511242
9,11,9.580574
11,13,9.662859
10,12,9.738503
7,9,9.796249
15,17,9.903491
13,15,9.997826
6,8,10.046026
10,12,10.123084
12,14,10.205961
9,11,10.272012
7,9,10.326253
22,24,10.474244
11,13,10.557321
12,14,10.649443
7,9,10.709128
15,17,10.819283
6,8,10.870726
7,9,10.92865
17,19,11.0499
8,10,11.113806
8,10,11.179465
11,13,11.264257
6,8,11.315438
10,12,11.392226
8,10,11.457958
14,16,11.562313
6,8,11.614542
6,8,11.665757
12,14,11.761237
9,11,11.831182
8,10,11.893443
22,24,12.037872
7,9,12.092474
6,8,12.141896
21,23,12.285571
12,14,12.373181
6,8,12.423275
11,13,12.504352
13,15,12.595326
16,18,12.707157
8,10,12.771838
12,14,12.862548
6,8,12.914446
7,9,12.972666
12,14,13.06328
6,8,13.115269
11,13,13.199992
7,9,13.259039
7,9,13.3179
12,14,13.407876
14,16,13.508494
8,10,13.571501
32,34,13.78455
17,19,13.904469
9,11,13.973282
7,9,14.028199
14,16,14.125233
6,8,14.174447
15,17,14.284067
9,11,14.353615
8,10,14.417929
8,10,14.480215
9,11,14.549427
10,12,14.625175
7,9,14.681635
7,9,14.738625
7,9,14.79563
6,8,14.846298
11,13,14.929235
6,8,14.979496
6,8,15.027017
7,9,15.081293
27,29,15.256604
6,8,15.305523
6,8,15.354824
25,27,15.52386
12,14,15.61217
19,21,15.740689
6,8,15.789725
20,22,15.927439
6,8,15.97759
6,8,16.028407
8,10,16.090866
17,19,16.211162
6,8,16.262722
7,9,16.319259
6,8,16.369291
16,18,16.481747
10,12,16.556941
12,14,16.644547
13,15,16.738466
9,11,16.807416
8,10,16.871291
17,19,16.991226
12,14,17.077381
9,11,17.145189
8,10,17.20624
9,11,17.275399
13,15,17.369535
10,12,17.44533
8,10,17.508145
14,16,17.610345
31,33,17.82621
10,12,17.905008
6,8,17.957584
13,15,18.051365
10,12,18.126161
16,18,18.235259
6,8,18.284117
7,9,18.339323
9,11,18.414866
7,9,18.473211
6,8,18.524662
6,8,18.576358
11,13,18.660448
9,11,18.730837
8,10,18.795497
13,15,18.894019
6,8,18.946821
10,12,19.022655
16,18,19.137534
22,24,19.293679
10,12,19.371136
17,19,19.494339
18,20,19.623427
11,13,19.708448
8,10,19.774055
7,9,19.833017
20,22,19.976478
34,36,20.207993
6,8,20.259991
7,9,20.318363
6,8,20.370539
9,11,20.441311
6,8,20.492934
7,9,20.551082
8,10,20.615689
7,9,20.673952
19,21,20.809657
20,22,20.951799
6,8,21.00358
9,11,21.074836
10,12,21.153002
9,11,21.221539
10,12,21.297123
25,27,21.468486
8,10,21.532194
14,16,21.634172
10,12,21.710691
11,13,21.794991
6,8,21.847594
14,16,21.952137
9,11,22.024007
7,9,22.081345
6,8,22.130449
10,12,22.203509
23,25,22.355447
8,10,22.417857
7,9,22.475937
8,10,22.539636
10,12,22.616848
6,8,22.668266
6,8,22.71858
12,14,22.807043
6,8,22.857169
13,15,22.950117
13,15,23.044615
7,9,23.102312
11,13,23.185061
10,12,23.261416
19,21,23.394512
6,8,23.445293
16,18,23.555846
7,9,23.612734
6,8,23.663147
9,11,23.731519
8,10,23.793974
7,9,23.851048
6,8,23.901873
7,9,23.960554
6,8,24.012494
9,11,24.08396
10,12,24.161963
6,8,24.21406
7,9,24.272434
11,13,24.356847
14,16,24.460407
9,11,24.531799
11,13,24.615832
6,8,24.667776
9,11,24.737535
12,14,24.826235
10,12,24.909895
10,12,24.983809
6,8,25.033326
6,8,25.082504
26,28,25.258381
8,10,25.321057
10,12,25.397099
7,9,25.454067
11,13,25.534506
8,10,25.59519
27,29,25.77657
7,9,25.835729
9,11,25.905823
8,10,25.969561
13,15,26.060328
8,10,26.121273
11,13,26.200613
16,18,26.309431
17,19,26.429725
8,10,26.493562
8,10,26.556723
6,8,26.607848
7,9,26.665968
15,17,26.775026
10,12,26.851901
8,10,26.917195
8,10,26.981922
10,12,27.059374
13,15,27.158442
12,14,27.251671
10,12,27.331024
7,9,27.390887
6,8,27.444026
15,17,27.5528
6,8,27.603806
8,10,27.666789
11,13,27.748342
9,11,27.816389
20,22,27.955673
16,18,28.071645
12,14,28.162143
7,9,28.220548
11,13,28.304538
17,19,28.427547
8,10,28.492442
8,10,28.557035
6,8,28.608951
15,17,28.718788
9,11,28.789853
6,8,28.841828
17,19,28.965043
29,31,29.161558
17,19,29.285409
6,8,29.337815
7,9,29.396297
10,12,29.474251
14,16,29.577221
6,8,29.627636
7,9,29.684867
32,34,29.898632
13,15,29.991594
12,14,30.075994
7,9,30.130078
7,9,30.183123
9,11,30.247905
8,10,30.309398
12,14,30.396592
7,9,30.454232
6,8,30.505485
14,16,30.609755
9,11,30.68247
7,9,30.741668
9,11,30.813609
8,10,30.877741
6,8,30.930668
14,16,31.035903
14,16,31.14085
7,9,31.19995
6,8,31.25247
11,13,31.337364
14,16,31.441836
38,40,31.700856
9,11,31.772104
7,9,31.83055
7,9,31.888891
6,8,31.940897
11,13,32.024811
9,11,32.095509
13,15,32.191636
16,18,32.308439
18,20,32.438187
9,11,32.509916
6,8,32.562125
13,15,32.65948
6,8,32.711674
13,15,32.809223
6,8,32.861523
6,8,32.913969
8,10,32.979425
7,9,33.038208
6,8,33.090467
6,8,33.143024
7,9,33.202584
7,9,33.261663
6,8,33.314075
11,13,33.400506
8,10,33.465866
10,12,33.544441
6,8,33.596883
7,9,33.655341
7,9,33.713585
7,9,33.771436
12,14,33.860751
12,14,33.952892
21,23,34.102227
6,8,34.151174
8,10,34.210935
11,13,34.290291
14,16,34.387011
10,12,34.46235
8,10,34.526321
16,18,34.640847
8,10,34.705615
7,9,34.76407
13,15,34.861245
9,11,34.933352
8,10,34.999441
6,8,35.052694
6,8,35.106833
14,16,35.215593
11,13,35.305023
8,10,35.372126
12,14,35.464633
10,12,35.543009
15,17,35.653822
20,22,35.795408
10,12,35.872047
9,11,35.942799
9,11,36.014033
6,8,36.066392
6,8,36.11844
7,9,36.175494
15,17,36.282008
6,8,36.332538
14,16,36.433291
15,17,36.540813
11,13,36.625286
8,10,36.690593
11,13,36.774874
8,10,36.840104
13,15,36.935866
8,10,37.000868
7,9,37.059595
7,9,37.11844
20,22,37.259335
17,19,37.380543
13,15,37.47865
6,8,37.531072
6,8,37.583482
6,8,37.636069
10,12,37.714488
7,9,37.773603
17,19,37.898099
9,11,37.969985
13,15,38.064476
9,11,38.13079
10,12,38.20222
7,9,38.256289
6,8,38.303816
7,9,38.358727
9,11,38.427631
6,8,38.477713
19,21,38.609906
21,23,38.761965
10,12,38.842126
14,16,38.948035
15,17,39.059451
18,20,39.187547
10,12,39.263983
6,8,39.315242
17,19,39.436052
7,9,39.493445
15,17,39.603977
11,13,39.688735
17,19,39.811782
10,12,39.889743
6,8,39.941741
11,13,40.026494
6,8,40.078525
11,13,40.161937
18,20,40.288108
11,13,40.372292
12,14,40.46332
26,28,40.64552
9,11,40.717658
10,12,40.796145
8,10,40.861533
13,15,40.95957
15,17,41.070634
11,13,41.155572
6,8,41.207947
15,17,41.316871
8,10,41.380831
8,10,41.445188
9,11,41.516112
8,10,41.582092
11,13,41.667638
11,13,41.75123
9,11,41.819894
8,10,41.884781
12,14,41.979046
12,14,42.06846
6,8,42.118739
12,14,42.203102
10,12,42.27591
6,8,42.32719
6,8,42.378596
11,13,42.460932
12,14,42.55095
6,8,42.602842
7,9,42.661428
12,14,42.753054
6,8,42.805993
16,18,42.923948
14,16,43.029863
19,21,43.164599
7,9,43.221018
14,16,43.321816
9,11,43.392019
7,9,43.449379
7,9,43.506599
10,12,43.582806
8,10,43.645788
7,9,43.702733
13,15,43.796903
9,11,43.866439
9,11,43.935762
16,18,44.046133
6,8,44.096736
9,11,44.165703
16,18,44.278309
10,12,44.353029
14,16,44.453802
12,14,44.542955
9,11,44.612631
15,17,44.719544
18,20,44.843163
9,11,44.911539
7,9,44.968417
7,9,45.025384
15,17,45.136062
20,22,45.280032
7,9,45.339103
7,9,45.398018
12,14,45.486823
6,8,45.538068
6,8,45.590475
7,9,45.649367
14,16,45.754017
6,8,45.804916
7,9,45.861662
10,12,45.938639
11,13,46.021255
7,9,46.078164
6,8,46.128817
10,12,46.201044
11,13,46.280723
6,8,46.331606
6,8,46.383703
7,9,46.441584
6,8,46.49238
9,11,46.564692
12,14,46.656649
23,25,46.821937
9,11,46.895064
15,17,47.006877
13,15,47.104803
13,15,47.199929
8,10,47.26445
11,13,47.346145
8,10,47.416429
6,8,47.472047
7,9,47.533944
7,9,47.593942
11,13,47.679025
8,10,47.744454
12,14,47.836098
34,36,48.069571
7,9,48.128555
21,23,48.27884
7,9,48.337968
9,11,48.411213
6,8,48.464204
14,16,48.568158
20,22,48.710215
14,16,48.813463
12,14,48.902587
9,11,48.972883
14,16,49.075158
10,12,49.152315
8,10,49.216621
12,14,49.305745
12,14,49.3955
12,14,49.485507
10,12,49.562576
11,13,49.646287
9,11,49.716978
9,11,49.788257
13,15,49.884233
14,16,49.98565
8,10,50.046387
6,8,50.093946
7,9,50.147949
16,18,50.256584
11,13,50.337389
13,15,50.433185
7,9,50.491418
9,11,50.56245
12,14,50.652837
7,9,50.713314
17,19,50.842009
12,14,50.932928
6,8,50.98483
9,11,51.056506
6,8,51.109615
7,9,51.169113
10,12,51.248553
18,20,51.380107
7,9,51.43981
7,9,51.499351
7,9,51.558877
6,8,51.611404
10,12,51.698144
16,18,51.816589
21,23,51.96646
9,11,52.036532
10,12,52.112803
9,11,52.182256
12,14,52.272892
6,8,52.325526
15,17,52.436282
12,14,52.524356
7,9,52.580639
20,22,52.721378
10,12,52.799595
7,9,52.858455
9,11,52.930511
8,10,52.99589
7,9,53.055567
10,12,53.134242
15,17,53.244445
9,11,53.31468
10,12,53.393718
10,12,53.472634
8,10,53.538469
18,20,53.669482
6,8,53.720627
19,21,53.854485
9,11,53.925254
7,9,53.982832
6,8,54.032036
10,12,54.103991
13,15,54.194057
7,9,54.248573
6,8,54.297804
6,8,54.347655
8,10,54.409524
8,10,54.47292
8,10,54.536158
13,15,54.631209
9,11,54.700829
7,9,54.758998
8,10,54.82324
16,18,54.941512
20,22,55.08597
16,18,55.205261
15,17,55.31762
8,10,55.383384
7,9,55.442839
7,9,55.502393
9,11,55.574559
10,12,55.652527
13,15,55.749042
7,9,55.807294
7,9,55.865216
6,8,55.917354
18,20,56.046849
11,13,56.131013
11,13,56.216591
18,20,56.347682
12,14,56.439806
9,11,56.512182
14,16,56.618173
7,9,56.677853
10,12,56.757113
8,10,56.82324
12,14,56.915866
36,38,57.166178
7,9,57.225782
10,12,57.305213
9,11,57.377842
6,8,57.430602
9,11,57.50316
7,9,57.56101
9,11,57.632055
11,13,57.715591
6,8,57.76579
8,10,57.829956
9,11,57.90288
22,24,58.054331
9,11,58.122077
10,12,58.1959
21,23,58.340557
24,26,58.505981
6,8,58.557976
19,21,58.6939
12,14,58.785285
9,11,58.857341
25,27,59.030823
14,16,59.136941
10,12,59.216603
6,8,59.269562
8,10,59.335647
6,8,59.388454
6,8,59.441067
6,8,59.970801
9,11,60.048853
11,13,60.137507
8,10,60.200725
10,12,60.276254
7,9,60.332829
14,16,60.433414
13,15,60.529093
6,8,60.580566
13,15,60.677048
7,9,60.73546
6,8,60.78687
21,23,60.930764
7,9,60.987481
7,9,61.044497
12,14,61.132725
10,12,61.208874
16,18,61.32662
26,28,61.506473
14,16,61.608823
8,10,61.673233
6,8,61.724825
17,19,61.847592
21,23,61.997401
23,25,62.154805
8,10,62.218851
8,10,62.282122
8,10,62.343609
9,11,62.412864
15,17,62.520482
19,21,62.65344
8,10,62.718373
7,9,62.777063
12,14,62.868611
10,12,62.945722
9,11,63.016282
6,8,63.067744
16,18,63.181826
6,8,63.232695
6,8,63.283623
7,9,63.340218
7,9,63.396939
9,11,63.468156
8,10,63.534567
12,14,63.626038
8,10,63.692033
6,8,63.745099
8,10,63.811158
6,8,63.864424
8,10,63.930443
6,8,63.983124
7,9,64.042104
6,8,64.093656
11,13,64.176311
9,11,64.246564
12,14,64.334772
7,9,64.392182
6,8,64.44372
9,11,64.512866
12,14,64.600831
14,16,64.702447
11,13,64.785394
9,11,64.857668
13,15,64.956004
21,23,65.109699
9,11,65.181668
9,11,65.253654
29,31,65.455546
17,19,65.579469
12,14,65.669554
22,24,65.825007
6,8,65.878013
12,14,65.967837
10,12,66.041197
7,9,66.093813
11,13,66.172152
9,11,66.23905
13,15,66.334934
8,10,66.40112
9,11,66.47278
13,15,66.568253
7,9,66.626438
7,9,66.685956
9,11,66.758965
16,18,66.879609
8,10,66.945605
6,8,66.998528
6,8,67.051086
7,9,67.110346
6,8,67.162949
11,13,67.248453
20,22,67.391808
13,15,67.49011
12,14,67.581624
6,8,67.633774
13,15,67.73136
7,9,67.790166
8,10,67.855186
40,42,68.125134
9,11,68.196453
10,12,68.274794
15,17,68.385072
7,9,68.4437
11,13,68.529162
9,11,68.60128
7,9,68.660336
13,15,68.759204
7,9,68.818472
20,22,68.959517
6,8,69.011678
16,18,69.12788
6,8,69.179948
11,13,69.265066
11,13,69.349361
14,16,69.451461
10,12,69.527758
8,10,69.591604
12,14,69.682092
10,12,69.760648
22,24,69.917603
8,10,69.980897
7,9,70.036532
12,14,70.122433
8,10,70.183876
7,9,70.237842
10,12,70.307837
16,18,70.417376
15,17,70.534027
10,12,70.617258
6,8,70.668903
22,24,70.824256
10,12,70.902973
8,10,70.969934
19,21,71.105636
21,23,71.252592
19,21,71.386186
6,8,71.437626
15,17,71.545846
6,8,71.596345
8,10,71.661637
22,24,71.818051
7,9,71.877017
6,8,71.929531
12,14,72.021588
10,12,72.100258
6,8,72.152908
9,11,72.224273
9,11,72.294543
16,18,72.408954
6,8,72.459646
14,16,72.559433
16,18,72.671854
6,8,72.722825
6,8,72.773917
6,8,72.825952
7,9,72.885213
7,9,72.943811
13,15,73.042001
9,11,73.114116
6,8,73.166804
6,8,73.219644
23,25,73.382431
8,10,73.447798
11,13,73.532406
17,19,73.656849
11,13,73.739312
8,10,73.801837
8,10,73.863868
12,14,73.950298
11,13,74.026769
17,19,74.141352
37,39,74.3792
6,8,74.429289
6,8,74.478907
6,8,74.528662
6,8,74.578563
8,10,74.642083
21,23,74.790483
11,13,74.874595
8,10,74.937171
10,12,75.01324
7,9,75.070153
10,12,75.145692
6,8,75.195845
12,14,75.283881
12,14,75.37313
13,15,75.468558
6,8,75.519549
33,35,75.734706
8,10,75.795355
17,19,75.913186
7,9,75.968485
24,26,76.133651
9,11,76.204996
12,14,76.295866
15,17,76.406428
8,10,76.471541
33,35,76.697336
11,13,76.781872
6,8,76.834023
11,13,76.916484
15,17,77.022847
10,12,77.098416
6,8,77.149113
6,8,77.199955
8,10,77.263339
6,8,77.314267
8,10,77.377824
7,9,77.434692
6,8,77.485387
8,10,77.548448
7,9,77.605723
18,20,77.731822
8,10,77.795185
11,13,77.877218
6,8,77.926182
7,9,77.979981
6,8,78.027801
32,34,78.227827
15,17,78.327192
8,10,78.389471
7,9,78.44538
17,19,78.577163
8,10,78.644515
11,13,78.730506
6,8,78.782838
8,10,78.849865
16,18,78.969016
7,9,79.029241
9,11,79.102589
7,9,79.162599
17,19,79.289071
12,14,79.380415
9,11,79.452441
15,17,79.562594
8,10,79.628233
6,8,79.681089
19,21,79.818694
8,10,79.882243
12,14,79.971187
9,11,80.041199
7,9,80.09864
9,11,80.168539
6,8,80.219597
10,12,80.295218
6,8,80.345563
12,14,80.433467
7,9,80.490212
15,17,80.597139
28,30,80.791889
22,24,80.944845
19,21,81.081061
13,15,81.179146
6,8,81.232126
7,9,81.298576
6,8,81.357194
7,9,81.419544
9,11,81.490277
14,16,81.592865
15,17,81.699919
11,13,81.783016
20,22,81.927619
15,17,82.029863
7,9,82.082922
17,19,82.190557
13,15,82.274596
12,14,82.356526
12,14,82.441142
11,13,82.522803
8,10,82.584916
8,10,82.647859
15,17,82.758538
10,12,82.838806
7,9,82.898569
9,11,82.970878
10,12,83.049979
15,17,83.160324
9,11,83.231673
6,8,83.283539
26,28,83.463474
8,10,83.5281
6,8,83.579296
10,12,83.65581
12,14,83.74487
11,13,83.827791
30,32,84.032568
12,14,84.123509
9,11,84.194564
10,12,84.272584
16,18,84.389526
10,12,84.467391
15,17,84.576845
8,10,84.641864
8,10,84.705492
7,9,84.763033
21,23,84.91222
13,15,85.010101
11,13,85.094933
26,28,85.27813
7,9,85.33715
23,25,85.497517
8,10,85.558089
10,12,85.631008
18,20,85.75209
7,9,85.806136
9,11,85.87259
9,11,85.939273
18,20,86.066374
9,11,86.138557
19,21,86.277062
12,14,86.367785
16,18,86.479869
6,8,86.529525
17,19,86.654888
15,17,86.770506
22,24,86.930991
8,10,86.99805
11,13,87.08473
10,12,87.164618
12,14,87.258101
12,14,87.351186
13,15,87.449565
9,11,87.521616
13,15,87.618632
6,8,87.671137
7,9,87.729793
12,14,87.820415
11,13,87.905338
21,23,88.052172
29,31,88.252554
13,15,88.35037
18,20,88.480145
21,23,88.628637
21,23,88.777397
22,24,88.938272
9,11,89.009188
7,9,89.066675
12,14,89.156188
6,8,89.205957
25,27,89.373124
15,17,89.477415
8,10,89.538481
17,19,89.656827
6,8,89.707558
12,14,89.797094
30,32,90.001367
10,12,90.072846
6,8,90.120141
8,10,90.177417
19,21,90.293441
6,8,90.339075
8,10,90.399137
10,12,90.474152
6,8,90.524511
12,14,90.614189
14,16,90.716603
26,28,90.894118
10,12,90.968906
6,8,91.020372
13,15,91.116782
7,9,91.174263
11,13,91.257089
9,11,91.326602
6,8,91.376427
7,9,91.432041
8,10,91.494193
7,9,91.550813
7,9,91.606282
20,22,91.744417
15,17,91.850828
8,10,91.913553
15,17,92.020996
6,8,92.073334
15,17,92.189177
21,23,92.337211
7,9,92.395819
8,10,92.461025
33,35,92.686462
6,8,92.738339
9,11,92.809835
7,9,92.868245
10,12,92.946354
12,14,93.037593
22,24,93.193817
25,27,93.36421
7,9,93.422062
6,8,93.474269
11,13,93.558874
20,22,93.702446
7,9,93.762001
8,10,93.828567
13,15,93.92755
6,8,93.979935
7,9,94.037858
9,11,94.102831
13,15,94.188374
25,27,94.339005
19,21,94.461141
6,8,94.509665
10,12,94.585022
7,9,94.642655
11,13,94.727355
16,18,94.844055
6,8,94.896806
8,10,94.96218
6,8,95.015581
12,14,95.108697
10,12,95.189094
8,10,95.254909
12,14,95.345067
6,8,95.396517
9,11,95.466349
6,8,95.517477
18,20,95.642892
7,9,95.700516
9,11,95.771829
6,8,95.824344
10,12,95.90204
29,31,96.102718
6,8,96.154865
29,31,96.355289
7,9,96.413762
6,8,96.465981
10,12,96.54421
6,8,96.596471
6,8,96.648781
8,10,96.71383
15,17,96.824001
9,11,96.89595
21,23,97.0455
8,10,97.109874
9,11,97.181979
6,8,97.234462
8,10,97.299978
6,8,97.352418
9,11,97.423657
8,10,97.488894
6,8,97.541496
6,8,97.596029
21,23,97.748905
31,33,97.961455
12,14,98.04584
7,9,98.099844
7,9,98.153916
8,10,98.21385
13,15,98.305954
14,16,98.403141
6,8,98.451263
20,22,98.58743
12,14,98.677626
25,27,98.852155
21,23,98.998698
9,11,99.070944
27,29,99.259975
27,29,99.446988
39,41,99.704327
6,8,99.754579
8,10,99.817342
8,10,99.880179
6,8,99.931963
20,22,100.074345
12,14,100.165165
10,12,100.243161
18,20,100.372636
8,10,100.437501
7,9,100.496139
11,13,100.57981
15,17,100.686432
13,15,100.780698
15,17,100.887967
13,15,100.982405
7,9,101.039808
21,23,101.185584
7,9,101.243074
16,18,101.357207
18,20,101.486088
10,12,101.561208
13,15,101.655583
57,59,102.013751
6,8,102.060379
6,8,102.106146
9,11,102.169237
11,13,102.243831
8,10,102.299991
9,11,102.36212
10,12,102.431027
8,10,102.491326
8,10,102.553015
9,11,102.622384
6,8,102.673149
12,14,102.763867
7,9,102.824851
6,8,102.878156
11,13,102.962325
24,26,103.130058
12,14,103.218223
7,9,103.276418
6,8,103.328865
12,14,103.420084
37,39,103.668918
10,12,103.74716
22,24,103.903086
22,24,104.058994
13,15,104.156405
23,25,104.318318
9,11,104.389835
9,11,104.461654
10,12,104.538275
17,19,104.657907
9,11,104.727854
10,12,104.804547
8,10,104.868099
20,22,105.007701
15,17,105.116159
19,21,105.248693
11,13,105.333098
19,21,105.469873
17,19,105.59238
30,32,105.790747
6,8,105.841469
6,8,105.8925
10,12,105.965069
6,8,106.013068
7,9,106.066919
6,8,106.115194
14,16,106.212096
14,16,106.310844
20,22,106.449561
16,18,106.562319
7,9,106.619366
13,15,106.715648
12,14,106.805458
45,47,107.109253
9,11,107.181946
30,32,107.38588
11,13,107.468817
11,13,107.550916
21,23,107.695853
17,19,107.815521
9,11,107.884703
30,32,108.080037
17,19,108.200632
7,9,108.258591
16,18,108.377951
10,12,108.463155
7,9,108.522453
6,8,108.575009
12,14,108.666035
17,19,108.788597
7,9,108.846849
18,20,108.978162
7,9,109.037708
7,9,109.096484
18,20,109.227676
7,9,109.287152
6,8,109.339512
39,41,109.604885
10,12,109.679531
8,10,109.741576
15,17,109.848094
6,8,109.898424
27,29,110.076427
6,8,110.12497
6,8,110.173096
9,11,110.237894
11,13,110.317176
10,12,110.390965
32,34,110.607098
9,11,110.67843
26,28,110.859347
27,29,111.045188
6,8,111.097258
10,12,111.173928
13,15,111.2719
17,19,111.396522
22,24,111.553017
7,9,111.611857
9,11,111.683569
6,8,111.7357
6,8,111.787997
21,23,111.937163
13,15,112.034482
6,8,112.086682
8,10,112.151857
11,13,112.236448
10,12,112.313596
23,25,112.468344
11,13,112.551221
9,11,112.621777
7,9,112.679208
36,38,112.925401
8,10,112.99049
11,13,113.072447
19,21,113.204247
17,19,113.32441
8,10,113.387155
11,13,113.469078
8,10,113.53048
15,17,113.634935
10,12,113.7124
8,10,113.780168
11,13,113.862842
18,20,113.986169
12,14,114.071095
10,12,114.143796
21,23,114.282995
18,20,114.398916
10,12,114.469172
27,29,114.649856
12,14,114.741282
10,12,114.819618
8,10,114.886599
6,8,114.939744
15,17,115.051432
35,37,115.290418
16,18,115.406997
18,20,115.536264
11,13,115.619064
9,11,115.690419
16,18,115.807567
32,34,116.02914
6,8,116.082048
14,16,116.186507
19,21,116.323555
13,15,116.421151
7,9,116.479942
8,10,116.545461
17,19,116.669618
6,8,116.721896
26,28,116.904483
6,8,116.954603
7,9,117.009393
9,11,117.077
16,18,117.187896
6,8,117.238585
8,10,117.3029
10,12,117.381835
8,10,117.447515
11,13,117.531068
10,12,117.605837
38,40,117.85926
10,12,117.937225
6,8,117.987289
9,11,118.055563
22,24,118.200656
11,13,118.281954
21,23,118.430365
14,16,118.535626
6,8,118.589144
13,15,118.68818
6,8,118.741876
6,8,118.794621
34,36,119.03004
9,11,119.103979
6,8,119.159406
10,12,119.245504
8,10,119.315548
6,8,119.368011
26,28,119.549801
7,9,119.608038
13,15,119.705372
17,19,119.828585
7,9,119.887106
8,10,119.952347
8,10,120.016396
33,35,120.233494
6,8,120.283954
7,9,120.340432
13,15,120.435613
29,31,120.636502
14,16,120.751567
13,15,120.851251
15,17,120.96256
14,16,121.066536
9,11,121.138343
9,11,121.210642
6,8,121.262988
9,11,121.334536
12,14,121.425892
7,9,121.484858
20,22,121.628533
12,14,121.719988
6,8,121.772526
13,15,121.870463
9,11,121.942616
15,17,122.047123
14,16,122.143071
7,9,122.197563
7,9,122.254545
18,20,122.381873
17,19,122.502257
15,17,122.610429
18,20,122.739822
21,23,122.888927
6,8,122.940675
6,8,122.991902
6,8,123.043231
6,8,123.094641
6,8,123.146042
12,14,123.238004
7,9,123.297545
22,24,123.454352
8,10,123.518023
8,10,123.581753
7,9,123.63982
10,12,123.717982
12,14,123.808633
14,16,123.936667
13,15,124.041469
8,10,124.110024
8,10,124.178833
28,30,124.380328
28,30,124.576694
13,15,124.676834
9,11,124.751476
7,9,124.810216
8,10,124.874953
6,8,124.926874
16,18,125.041922
15,17,125.149195
7,9,125.206433
9,11,125.278198
15,17,125.389474
9,11,125.460441
23,25,125.622607
24,26,125.791863
17,19,125.917471
7,9,125.976607
23,25,126.122835
12,14,126.203095
11,13,126.275951
9,11,126.338815
34,36,126.557445
9,11,126.627865
7,9,126.686848
10,12,126.76589
15,17,126.878083
20,22,127.024281
6,8,127.077911
7,9,127.138049
7,9,127.198535
6,8,127.25152
20,22,127.392628
22,24,127.545518
15,17,127.649371
7,9,127.705541
11,13,127.785875
17,19,127.902393
27,29,128.084277
12,14,128.173522
11,13,128.255919
20,22,128.395289
17,19,128.51529
21,23,128.659507
9,11,128.727769
15,17,128.832474
13,15,128.926827
17,19,129.048018
6,8,129.100531
7,9,129.160492
37,39,129.417856
6,8,129.470587
16,18,129.588144
51,53,129.936555
7,9,129.992584
54,56,130.33693
8,10,130.401352
7,9,130.459811
7,9,130.519555
8,10,130.586246
11,13,130.673571
8,10,130.740883
15,17,130.854865
26,28,131.042647
37,39,131.300462
9,11,131.371974
16,18,131.488431
8,10,131.553169
10,12,131.629845
16,18,131.744934
8,10,131.810152
17,19,131.93584
50,52,132.279587
26,28,132.464858
10,12,132.544705
11,13,132.630596
10,12,132.709182
8,10,132.77557
6,8,132.828124
15,17,132.939638
11,13,133.024478
24,26,133.193934
15,17,133.304018
11,13,133.385941
7,9,133.442609
10,12,133.517845
9,11,133.586559
8,10,133.650606
12,14,133.742059
13,15,133.837864
7,9,133.895808
17,19,134.016254
10,12,134.091098
29,31,134.273588
25,27,134.434408
16,18,134.548831
6,8,134.600723
28,30,134.796541
13,15,134.895481
7,9,134.955065
13,15,135.054558
10,12,135.1345
14,16,135.239424
11,13,135.324536
9,11,135.397104
8,10,135.463991
18,20,135.599586
17,19,135.731734
16,18,135.847076
10,12,135.924147
9,11,135.994682
11,13,136.078258
22,24,136.234203
10,12,136.312719
19,21,136.449477
32,34,136.671001
11,13,136.756098
8,10,136.820523
9,11,136.891863
12,14,136.98208
8,10,137.047447
6,8,137.100057
11,13,137.185852
16,18,137.303828
21,23,137.45303
29,31,137.656053
11,13,137.741541
11,13,137.826532
14,16,137.930457
8,10,137.993267
8,10,138.054245
18,20,138.175058
8,10,138.235038
7,9,138.289361
10,12,138.364152
11,13,138.447174
22,24,138.603336
18,20,138.734598
16,18,138.854961
11,13,138.941568
7,9,139.000544
8,10,139.065869
10,12,139.142557
7,9,139.200885
7,9,139.259879
14,16,139.363881
19,21,139.500674
9,11,139.571018
27,29,139.759546
14,16,139.859648
12,14,139.950351
10,12,140.02857
41,43,140.310271
26,28,140.492875
7,9,140.552114
9,11,140.623605
6,8,140.67526
6,8,140.727177
18,20,140.857289
24,26,141.027694
23,25,141.193574
12,14,141.285043
13,15,141.383225
10,12,141.462066
12,14,141.553564
11,13,141.638656
14,16,141.743238
6,8,141.795356
14,16,141.900367
19,21,142.034354
10,12,142.107146
6,8,142.155911
7,9,142.209148
9,11,142.275402
10,12,142.35192
7,9,142.410274
11,13,142.494511
23,25,142.656581
10,12,142.734703
11,13,142.819191
29,31,143.019368
6,8,143.071241
16,18,143.189105
14,16,143.294271
6,8,143.347272
9,11,143.418503
12,14,143.508088
9,11,143.578443
8,10,143.642227
19,21,143.774592
19,21,143.907191
20,22,144.04592
19,21,144.179917
12,14,144.270548
7,9,144.328941
19,21,144.465371
32,34,144.686685
18,20,144.81704
6,8,144.869478
7,9,144.928585
9,11,145.000583
6,8,145.053004
8,10,145.117468
24,26,145.28253
14,16,145.384271
6,8,145.435526
13,15,145.530085
11,13,145.612695
9,11,145.685056
7,9,145.744067
16,18,145.862371
6,8,145.915003
7,9,145.974593
22,24,146.121659
11,13,146.201221
19,21,146.328859
9,11,146.397121
6,8,146.447949
9,11,146.52034
19,21,146.667245
6,8,146.721904
18,20,146.851567
8,10,146.915923
15,17,147.026954
21,23,147.179684
12,14,147.27322
8,10,147.340848
12,14,147.434585
6,8,147.488233
6,8,147.541822
33,35,147.768026
14,16,147.868684
24,26,148.035798
8,10,148.099405
7,9,148.156701
14,16,148.258206
56,58,148.622294
30,32,148.82435
16,18,148.938087
16,18,149.05468
11,13,149.139627
14,16,149.244051
7,9,149.303292
14,16,149.407955
27,29,149.597625
23,25,149.762216
18,20,149.893293
12,14,149.982126
34,36,150.198919
13,15,150.289338
16,18,150.401883
49,51,150.729814
12,14,150.821546
15,17,150.931693
6,8,150.98389
17,19,151.106258
12,14,151.196722
34,36,151.4252
25,27,151.597534
20,22,151.736376
6,8,151.787149
9,11,151.856962
10,12,151.933354
8,10,151.997032
9,11,152.068043
27,29,152.251878
8,10,152.315472
35,37,152.549287
16,18,152.664076
11,13,152.74889
9,11,152.821106
8,10,152.886452
28,30,153.074471
34,36,153.300211
6,8,153.353122
15,17,153.464604
7,9,153.524073
13,15,153.622054
29,31,153.825357
13,15,153.924543
6,8,153.975884
16,18,154.087223
13,15,154.17827
6,8,154.227019
11,13,154.305413
7,9,154.361613
19,21,154.495266
13,15,154.593403
14,16,154.697682
36,38,154.947681
7,9,155.008286
25,27,155.189452
40,42,155.467749
14,16,155.574219
16,18,155.69329
18,20,155.825647
14,16,155.929964
23,25,156.093418
8,10,156.15899
13,15,156.257587
8,10,156.322856
26,28,156.505378
21,23,156.655625
6,8,156.707944
20,22,156.848997
9,11,156.91905
28,30,157.108242
12,14,157.19695
32,34,157.409465
10,12,157.485916
15,17,157.605474
6,8,157.6634
9,11,157.736441
21,23,157.883138
10,12,157.958259
13,15,158.049124
17,19,158.162973
19,21,158.288796
6,8,158.337615
9,11,158.407437
18,20,158.536351
9,11,158.608892
6,8,158.662811
40,42,158.942703
73,75,159.434861
8,10,159.498778
10,12,159.57526
7,9,159.63257
16,18,159.74655
14,16,159.847132
13,15,159.939496
9,11,160.006884
6,8,160.056959
14,16,160.158016
8,10,160.22083
9,11,160.288403
17,19,160.406498
29,31,160.601451
9,11,160.670677
21,23,160.811462
26,28,160.986424
16,18,161.100712
9,11,161.170494
13,15,161.265645
19,21,161.397212
17,19,161.517844
21,23,161.664204
11,13,161.747519
7,9,161.806481
11,13,161.892872
21,23,162.03388
7,9,162.087191
6,8,162.134824
7,9,162.188371
9,11,162.252644
21,23,162.386074
7,9,162.440626
8,10,162.502875
12,14,162.59063
17,19,162.71388
13,15,162.811077
19,21,162.947163
33,35,163.172007
8,10,163.237504
7,9,163.296534
8,10,163.361992
11,13,163.446829
10,12,163.525482
6,8,163.577954
7,9,163.637464
36,38,163.882297
9,11,163.953842
6,8,164.006461
8,10,164.072027
31,33,164.286766
47,49,164.556118
9,11,164.614791
9,11,164.672666
7,9,164.719061
12,14,164.792058
14,16,164.871838
6,8,164.910289
6,8,164.949779
16,18,165.039204
7,9,165.087781
7,9,165.140369
13,15,165.233377
6,8,165.28196
27,29,165.453374
6,8,165.51404
22,24,165.665207
8,10,165.726188
8,10,165.788526
12,14,165.879258
8,10,165.945131
15,17,166.056314
12,14,166.149907
11,13,166.237086
7,9,166.295861
13,15,166.393475
6,8,166.445062
7,9,166.503184
27,29,166.693519
6,8,166.746693
12,14,166.840286
8,10,166.906029
12,14,166.997995
15,17,167.109017
12,14,167.197957
11,13,167.280448
17,19,167.397616
7,9,167.451914
15,17,167.55438
7,9,167.609227
12,14,167.694504
7,9,167.749745
18,20,167.872197
16,18,167.988755
7,9,168.048276
10,12,168.128783
17,19,168.265224
20,22,168.408975
7,9,168.466129
14,16,168.566196
7,9,168.622568
28,30,168.810482
10,12,168.887983
19,21,169.022465
8,10,169.087496
11,13,169.171874
11,13,169.256878
30,32,169.466095
14,16,169.570558
23,25,169.73406
18,20,169.86465
10,12,169.941625
14,16,170.037908
20,22,170.170069
12,14,170.254109
10,12,170.326501
8,10,170.38892
8,10,170.452759
41,43,170.728342
16,18,170.845816
12,14,170.938058
16,18,171.055414
12,14,171.144545
14,16,171.245643
9,11,171.315621
8,10,171.380978
22,24,171.537328
10,12,171.614695
11,13,171.698475
28,30,171.892114
13,15,171.989186
12,14,172.079338
9,11,172.150418
8,10,172.213468
25,27,172.382544
8,10,172.445448
18,20,172.573973
14,16,172.67854
10,12,172.759209
6,8,172.813014
20,22,172.95634
18,20,173.084879
9,11,173.156981
9,11,173.229065
8,10,173.294564
18,20,173.425005
20,22,173.568515
8,10,173.634851
27,29,173.833485
12,14,173.925596
14,16,174.026205
23,25,174.181097
10,12,174.253066
11,13,174.33188
22,24,174.486285
9,11,174.559148
16,18,174.678961
9,11,174.752614
22,24,174.916057
6,8,174.971219
7,9,175.032802
12,14,175.12507
8,10,175.19142
12,14,175.283651
8,10,175.349022
7,9,175.408337
7,9,175.467433
63,65,175.887923
7,9,175.946863
19,21,176.085286
6,8,176.13794
12,14,176.230583
14,16,176.335001
17,19,176.456336
16,18,176.571162
10,12,176.649647
16,18,176.76708
9,11,176.838858
7,9,176.898061
9,11,176.970788
22,24,177.128031
17,19,177.253218
11,13,177.338866
10,12,177.417586
6,8,177.470111
11,13,177.555654
8,10,177.621104
10,12,177.699647
10,12,177.778165
14,16,177.883846
21,23,178.031318
48,50,178.335845
24,26,178.500624
17,19,178.618615
6,8,178.669601
6,8,178.720696
42,44,179.00902
14,16,179.11827
8,10,179.189573
6,8,179.246598
34,36,179.619028
6,8,179.67224
6,8,179.725636
21,23,179.876773
16,18,179.993974
9,11,180.065978
27,29,180.254194
8,10,180.319372
34,36,180.553251
19,21,180.689391
9,11,180.761246
9,11,180.833015
9,11,180.904248
14,16,181.005281
6,8,181.057999
16,18,181.175638
6,8,181.228094
21,23,181.378314
7,9,181.437247
20,22,181.580365
25,27,181.756475
12,14,181.848211
34,36,182.063448
10,12,182.133943
24,26,182.293188
11,13,182.375484
7,9,182.43335
14,16,182.536228
9,11,182.607818
28,30,182.801528
6,8,182.853143
21,23,183.000043
30,32,183.203199
8,10,183.267218
7,9,183.324852
7,9,183.384831
24,26,183.554575
39,41,183.822046
12,14,183.915086
11,13,184.000375
30,32,184.206549
8,10,184.268188
18,20,184.393526
7,9,184.450926
19,21,184.584641
11,13,184.667364
28,30,184.858944
7,9,184.916487
17,19,185.037419
34,36,185.270938
18,20,185.402821
21,23,185.553047
13,15,185.651038
17,19,185.775051
6,8,185.827374
10,12,185.901084
24,26,186.058157
35,37,186.285408
6,8,186.336863
18,20,186.465458
19,21,186.601939
25,27,186.777201
10,12,186.857836
20,22,187.001325
7,9,187.060263
6,8,187.112374
9,11,187.184031
42,44,187.450532
20,22,187.590792
6,8,187.644099
18,20,187.776349
35,37,188.022856
12,14,188.113993
6,8,188.166465
12,14,188.257924
16,18,188.406461
8,10,188.475216
22,24,188.63344
6,8,188.686078
8,10,188.751916
9,11,188.824069
7,9,188.882969
10,12,188.961548
23,25,189.1195
8,10,189.183575
15,17,189.290581
37,39,189.539183
26,28,189.723688
9,11,189.794428
16,18,189.910192
14,16,190.011227
7,9,190.066059
14,16,190.161942
26,28,190.331402
9,11,190.401326
12,14,190.492658
7,9,190.552739
15,17,190.666243
17,19,190.793938
18,20,190.927846
12,14,191.02163
11,13,191.108058
17,19,191.234876
11,13,191.322224
26,28,191.503443
18,20,191.631161
20,22,191.77121
18,20,191.898617
17,19,192.019846
12,14,192.109376
10,12,192.186683
8,10,192.250633
20,22,192.39228
6,8,192.443883
15,17,192.553083
32,34,192.771581
16,18,192.88668
7,9,192.944602
10,12,193.019408
11,13,193.102996
21,23,193.25412
23,25,193.417842
20,22,193.562453
24,26,193.732654
35,37,193.97041
14,16,194.067157
12,14,194.152384
35,37,194.378387
26,28,194.558886
33,35,194.791991
8,10,194.8586
16,18,194.97712
10,12,195.056646
6,8,195.110106
21,23,195.262014
23,25,195.426516
11,13,195.512078
6,8,195.564837
10,12,195.643523
8,10,195.709028
17,19,195.833228
10,12,195.911552
8,10,195.976939
59,61,196.365114
6,8,196.417507
18,20,196.547977
6,8,196.600499
15,17,196.711573
29,31,196.90922
9,11,196.981196
19,21,197.11464
11,13,197.197607
6,8,197.248841
36,38,197.497642
36,38,197.745215
8,10,197.809473
17,19,197.930844
8,10,197.994107
24,26,198.150152
9,11,198.217366
22,24,198.361859
24,26,198.519868
10,12,198.596923
10,12,198.67495
38,40,198.935699
16,18,199.055856
10,12,199.136782
9,11,199.209896
6,8,199.26386
15,17,199.376399
22,24,199.536997
18,20,199.66926
21,23,199.821364
15,17,199.934086
10,12,200.012673
56,58,200.395437
47,49,200.716491
7,9,200.775514
15,17,200.886519
15,17,200.997505
12,14,201.089134
23,25,201.252867
29,31,201.452531
6,8,201.504148
49,51,201.829878
16,18,201.944611
17,19,202.059121
17,19,202.173117
19,21,202.303066
23,25,202.462996
27,29,202.650287
9,11,202.722457
11,13,202.807415
8,10,202.873116
21,23,203.021621
35,37,203.259633
12,14,203.348916
28,30,203.540657
8,10,203.604174
7,9,203.661289
6,8,203.712231
9,11,203.780892
16,18,203.892084
11,13,203.974483
33,35,204.194926
14,16,204.29774
15,17,204.406556
28,30,204.599067
8,10,204.662779
24,26,204.826435
6,8,204.87719
9,11,204.946774
7,9,205.003473
16,18,205.115136
22,24,205.26763
14,16,205.369783
21,23,205.515535
16,18,205.632183
18,20,205.763433
7,9,205.822926
8,10,205.887595
6,8,205.938255
8,10,205.999075
26,28,206.163979
8,10,206.224093
10,12,206.297051
14,16,206.399932
8,10,206.464958
22,24,206.620235
26,28,206.802482
18,20,206.934977
20,22,207.08373
15,17,207.197597
8,10,207.263138
14,16,207.360491
7,9,207.416919
19,21,207.55159
39,41,207.812827
6,8,207.863632
9,11,207.932652
18,20,208.060393
8,10,208.124833
9,11,208.196831
21,23,208.344892
52,54,208.692507
36,38,208.939366
31,33,209.155072
47,49,209.474968
20,22,209.615459
6,8,209.666548
35,37,209.907226
35,37,210.143323
43,45,210.428624
18,20,210.553321
15,17,210.660492
17,19,210.780679
17,19,210.902724
28,30,211.095433
45,47,211.394428
12,14,211.48301
32,34,211.697155
7,9,211.753924
61,63,212.150996
22,24,212.302158
14,16,212.402836
16,18,212.511602
9,11,212.580369
10,12,212.6555
18,20,212.779807
10,12,212.85545
8,10,212.921531
66,68,213.367792
13,15,213.465184
6,8,213.516198
14,16,213.617354
24,26,213.780941
56,58,214.153865
22,24,214.307027
17,19,214.429112
46,48,214.744199
21,23,214.898651
14,16,215.005231
29,31,215.212823
10,12,215.29294
28,30,215.492088
31,33,215.706908
35,37,215.946823
15,17,216.057076
6,8,216.108137
42,44,216.393039
34,36,216.626611
24,26,216.795857
17,19,216.920055
8,10,216.986112
62,64,217.422927
8,10,217.489611
26,28,217.671874
22,24,217.828439
33,35,218.051927
14,16,218.148932
39,41,218.393153
55,57,218.75625
11,13,218.842964
16,18,218.958879
10,12,219.036253
16,18,219.151657
15,17,219.259001
36,38,219.494515
14,16,219.593395
24,26,219.753577
40,42,220.025158
8,10,220.09047
17,19,220.212979
10,12,220.287755
21,23,220.429868
12,14,220.518502
8,10,220.580897
16,18,220.691193
13,15,220.785444
10,12,220.862889
8,10,220.927872
21,23,221.072456
13,15,221.166851
14,16,221.267891
27,29,221.455043
17,19,221.579005
14,16,221.683486
18,20,221.8105
22,24,221.965358
59,61,222.339012
11,13,222.419338
52,54,222.76552
7,9,222.823944
10,12,222.901026
45,47,223.202438
7,9,223.261245
7,9,223.319937
45,47,223.625474
16,18,223.74292
10,12,223.821444
12,14,223.912821
18,20,224.04256
28,30,224.236165
13,15,224.331531
29,31,224.517372
14,16,224.610135
12,14,224.694447
22,24,224.841934
32,34,225.056823
52,54,225.400009
17,19,225.519857
20,22,225.658488
17,19,225.777964
9,11,225.844295
29,31,226.031218
6,8,226.080787
43,45,226.365623
28,30,226.55792
23,25,226.720249
42,44,227.000939
12,14,227.092602
14,16,227.196598
38,40,227.454793
14,16,227.555932
12,14,227.646781
44,46,227.942364
6,8,227.99493
20,22,228.133158
22,24,228.283459
16,18,228.39695
9,11,228.467561
7,9,228.525347
32,34,228.740701
20,22,228.878901
23,25,229.043749
30,32,229.252568
21,23,229.392606
30,32,229.592542
26,28,229.771092
17,19,229.894053
57,59,230.278663
38,40,230.531978
51,53,230.884567
52,54,231.238694
10,12,231.317581
16,18,231.430823
42,44,231.712336
15,17,231.822805
9,11,231.894044
14,16,231.997952
10,12,232.076428
31,33,232.291514
25,27,232.467001
21,23,232.616465
12,14,232.707504
27,29,232.895607
7,9,232.954505
21,23,233.098048
83,85,233.627328
52,54,233.966372
11,13,234.045103
6,8,234.09306
7,9,234.147066
10,12,234.219247
21,23,234.361873
63,65,234.784996
8,10,234.852625
39,41,235.122093
39,41,235.390954
6,8,235.443929
7,9,235.503549
6,8,235.555689
6,8,235.606539
19,21,235.738666
7,9,235.794321
19,21,235.922195
23,25,236.075238
6,8,236.124999
7,9,236.182175
42,44,236.469144
6,8,236.521541
14,16,236.62604
15,17,236.737015
22,24,236.893108
66,68,237.335642
48,50,237.663109
10,12,237.742274
23,25,237.908315
24,26,238.075833
19,21,238.209212
17,19,238.327638
41,43,238.601495
10,12,238.678833
31,33,238.89143
11,13,238.975059
28,30,239.165708
12,14,239.251224
20,22,239.383869
32,34,239.5894
6,8,239.638554
6,8,239.687606
38,40,239.948209
11,13,240.034063
8,10,240.10079
33,35,240.327327
23,25,240.489321
38,40,240.747516
19,21,240.883901
8,10,240.949322
16,18,241.0671
30,32,241.275615
11,13,241.360586
17,19,241.484621
19,21,241.621643
40,42,241.895059
21,23,242.039988
46,48,242.337368
34,36,242.568558
36,38,242.818218
35,37,243.059471
9,11,243.131531
7,9,243.190641
32,34,243.409777
36,38,243.649035
32,34,243.862541
21,23,244.006538
19,21,244.142367
15,17,244.253583
6,8,244.305935
6,8,244.358919
63,65,244.784631
39,41,245.053035
11,13,245.13885
6,8,245.191724
19,21,245.329858
22,24,245.490087
8,10,245.556104
28,30,245.751948
11,13,245.837142
41,43,246.109548
19,21,246.236128
13,15,246.326376
14,16,246.427219
7,9,246.484952
12,14,246.575017
10,12,246.652861
12,14,246.744243
16,18,246.861209
41,43,247.13614
24,26,247.299583
30,32,247.499537
21,23,247.644585
32,34,247.863341
16,18,247.97942
10,12,248.054664
23,25,248.212216
8,10,248.274923
47,49,248.582795
53,55,248.932064
80,82,249.465996
35,37,249.709552
58,60,250.091255
35,37,250.314594
8,10,250.378345
23,25,250.53927
10,12,250.617093
28,30,250.811853
33,35,251.03892
10,12,251.115723
27,29,251.298995
10,12,251.376111
8,10,251.44066
8,10,251.504861
72,74,251.983063
17,19,252.103739
37,39,252.351506
56,58,252.764083
26,28,252.948647
14,16,253.051729
9,11,253.122657
82,84,253.656933
13,15,253.753281
7,9,253.811378
48,50,254.126324
20,22,254.260066
39,41,254.527204
24,26,254.699669
10,12,254.779131
16,18,254.898647
104,106,255.576885
7,9,255.633764
44,46,255.931099
18,20,256.061482
12,14,256.152482
16,18,256.270172
7,9,256.33049
23,25,256.492521
67,69,256.917102
7,9,256.976103
25,27,257.154104
6,8,257.207144
77,79,257.72581
17,19,257.847497
29,31,258.039084
6,8,258.087143
35,37,258.308928
15,17,258.41265
92,94,259.0138
25,27,259.188586
40,42,259.460383
11,13,259.544892
17,19,259.666916
22,24,259.821365
8,10,259.886076
21,23,260.033748
6,8,260.085466
23,25,260.249167
43,45,260.546436
7,9,260.606315
15,17,260.718076
23,25,260.881019
30,32,261.089625
17,19,261.213526
8,10,261.277832
20,22,261.416182
49,51,261.739927
10,12,261.816903
50,52,262.144472
6,8,262.194425
47,49,262.509002
15,17,262.618963
23,25,262.782006
138,140,263.6778
61,63,264.074996
11,13,264.157439
33,35,264.378946
9,11,264.44892
32,34,264.661748
6,8,264.71401
78,80,265.237436
24,26,265.406705
55,57,265.791116
34,36,266.027353
7,9,266.086323
13,15,266.183811
71,73,266.653476
11,13,266.738321
42,44,267.031663
47,49,267.360019
7,9,267.420892
27,29,267.609274
45,47,267.910837
7,9,267.970658
9,11,268.043475
10,12,268.12302
14,16,268.228862
17,19,268.353031
38,40,268.614412
38,40,268.875183
20,22,269.018677
58,60,269.40487
41,43,269.678669
59,61,270.062043
33,35,270.27325
27,29,270.45908
53,55,270.815992
8,10,270.880908
82,84,271.418402
46,48,271.724518
54,56,272.080348
156,158,273.094045
36,38,273.33655
16,18,273.454152
64,66,273.886863
81,83,274.425376
22,24,274.580469
18,20,274.710526
12,14,274.802871
120,122,275.61429
29,31,275.803044
28,30,275.985347
69,71,276.433405
8,10,276.497356
75,77,276.967142
24,26,277.131134
21,23,277.277604
71,73,277.743508
85,87,278.287195
16,18,278.402056
100,102,279.078212
37,39,279.329413
114,116,280.074924
17,19,280.198545
95,97,280.837436
43,45,281.12454
27,29,281.313647
22,24,281.470886
8,10,281.536559
22,24,281.684918
10,12,281.756963
57,59,282.116933
27,29,282.306615
58,60,282.700437
37,39,282.961417
47,49,283.286061
8,10,283.351949
101,103,284.019544
91,93,284.623602
22,24,284.7802
9,11,284.852027
40,42,285.125037
103,105,285.804704
8,10,285.870394
147,149,286.806851
9,11,286.880393
59,61,287.281548
18,20,287.412188
6,8,287.465047
6,8,287.517826
6,8,287.570291
8,10,287.635421
46,48,287.946594
34,36,288.179765
52,54,288.524884
87,89,289.093117
52,54,289.436435
51,53,289.777016
130,132,290.60446
123,125,291.420543
149,151,292.385478
56,58,292.757848
121,123,293.557642
16,18,293.675107
19,21,293.812189
10,12,293.890636
33,35,294.109067
75,77,294.588251
13,15,294.686011
166,168,295.770046
86,88,296.340022
27,29,296.529598
90,92,297.129073
23,25,297.290898
53,55,297.644641
35,37,297.886324
9,11,297.956284
64,66,298.35533
129,131,299.204656
10,12,299.279944
58,60,299.659903
16,18,299.773544
59,61,300.15596
7,9,300.213202
39,41,300.468584
108,110,301.181648
91,93,301.773078
42,44,302.046176
46,48,302.334591
103,105,303.014455
68,70,303.464588
31,33,303.670688
118,120,304.422226
23,25,304.57933
7,9,304.635158
33,35,304.851379
147,149,305.816697
92,94,306.397261
55,57,306.760143
13,15,306.857641
127,129,307.673798
105,107,308.359791
9,11,308.43145
111,113,309.163574
18,20,309.293932
33,35,309.5211
40,42,309.791445
10,12,309.868093
19,21,310.001633
164,166,311.034365
28,30,311.228269
214,216,312.626894
227,229,314.113416
72,74,314.57718
444,446,317.489068
215,217,318.879611
118,120,319.65255
87,89,320.226897
489,491,323.398081
469,471,326.428246
62,64,326.840389
382,384,329.294195
495,497,332.500511
517,519,335.868121
421,423,338.574939
173,175,339.731878
42,44,340.017422
184,186,341.221102
18,20,341.352131
600,602,345.253597
961,963,351.443478
288,290,353.299933
290,292,355.156262
24,26,355.321843
45,47,355.62086
121,123,356.416981
20,22,356.560198
127,129,357.400134
842,844,362.811936
41,43,363.095807
156,158,364.118567
319,321,366.190069
6,8,366.238703
432,434,369.019918
9,11,369.092071
13,15,369.190288
157,159,370.178082
164,166,371.262905
20,22,371.407935
437,439,374.248992
26,28,374.418289
6,8,374.467583
889,891,380.15889
160,162,381.214848
164,166,382.266865
142,144,383.207169
50,52,383.544046
104,106,384.232045
735,737,388.982064
121,123,389.776206
159,161,390.790233
200,202,392.08898
219,221,393.521627
122,124,394.309168
30,32,394.513968
143,145,395.470367
137,139,396.384057
40,42,396.656884
242,244,398.228443
49,51,398.551893
113,115,399.306482
311,313,401.330703
239,241,402.860311
271,273,404.656095
246,248,406.261076
10,12,406.333778
430,432,409.106724
53,55,409.454189
34,36,409.675222
213,215,411.026787
592,594,414.837245
56,58,415.216554
80,82,415.743104
130,132,416.586459
253,255,418.226323
15,17,418.335608
60,62,418.734855
144,146,419.66723
92,94,420.257469
209,211,421.595884
111,113,422.294905
78,80,422.822237
161,163,423.899401
360,362,426.247185
128,130,427.069503
388,390,429.578793
292,294,431.441866
231,233,432.940857
309,311,434.924825
108,110,435.644524
59,61,436.034807
113,115,436.780832
15,17,436.892054
802,804,442.081328
670,672,446.425667
82,84,446.968532
85,87,447.517447
64,66,447.921479
110,112,448.635539
325,327,450.733642
418,420,453.498145
65,67,453.934588
239,241,455.439946
322,324,457.488014
113,115,458.245399
459,461,461.260687
287,289,463.083205
112,114,463.801368
431,433,466.357118
10,12,466.432656
72,74,466.909267
122,124,467.712262
79,81,468.231602
39,41,468.494788
336,338,470.631925
273,275,472.376833
209,211,473.720011
168,170,474.787279
131,133,475.634359
260,262,477.307797
709,711,481.861602
126,128,482.65857
73,75,483.130385
359,361,485.371203
283,285,487.186065
28,30,487.376812
759,761,492.212866
597,599,495.965625
516,518,499.269429
91,93,499.862847
62,64,500.276623
64,66,500.700196
129,131,501.537368
125,127,502.313179
264,266,504.001552
971,973,510.292646
715,717,514.928438
103,105,515.612131
357,359,517.920011
714,716,522.474939
14,16,522.578264
500,502,525.748092
668,670,530.062962
376,378,532.503493
264,266,534.209411
345,347,536.439012
46,48,536.750361
45,47,537.050275
131,133,537.904282
6,8,537.955257
139,141,538.853345
454,456,541.784145
193,195,543.041284
409,411,545.716703
209,211,547.067522
109,111,547.78511
166,168,548.84849
748,750,553.669848
202,204,555.000934
442,444,557.846372
202,204,559.11891
52,54,559.458536
371,373,561.790085
421,423,564.482641
320,322,566.541988
724,726,571.123505
226,228,572.581779
181,183,573.783428
453,455,576.589498
26,28,576.771467
20,22,576.912127
270,272,578.6216
224,226,579.999126
51,53,580.291096
78,80,580.745005
43,45,580.99744
90,92,581.502383
263,265,582.979192
114,116,583.691901
265,267,585.381876
316,318,587.353559
121,123,588.124077
347,349,590.30735
352,354,592.515627
219,221,593.927115
150,152,594.877879
12,14,594.966081
83,85,595.484327
961,963,601.611064
181,183,602.763846
402,404,605.331096
49,51,605.657673
50,52,605.977729
53,55,606.335235
209,211,607.680724
62,64,608.071209
261,263,609.736207
94,96,610.325363
611,613,614.184211
140,142,615.082318
964,966,621.215604
16,18,621.329939
40,42,621.598162
178,180,622.710914
244,246,624.274652
581,583,627.945929
33,35,628.165893
113,115,628.84267
89,91,629.422727
433,435,632.145344
178,180,633.288609
462,464,636.243217
14,16,636.345237
260,262,638.004535
568,570,641.560976
553,555,645.083926
141,143,646.007497
463,465,648.979476
276,278,650.758298
247,249,652.373637
124,126,653.192126
177,179,654.330414
237,239,655.846769
105,107,656.535996
41,43,656.815679
241,243,658.350401
72,74,658.821505
21,23,658.974116
461,463,661.92852
654,656,666.092557
75,77,666.591874
771,773,671.573715
316,318,673.602497
342,344,675.789537
31,33,676.005709
24,26,676.178591
174,176,677.329858
353,355,679.64073
166,168,680.742389
118,120,681.505988
740,742,686.358665
1429,1431,695.718061
1113,1115,702.958631
245,247,704.581565
242,244,706.126068
16,18,706.235258
119,121,707.038743
11,13,707.127008
111,113,707.873683
505,507,711.157419
52,54,711.507011
558,560,715.193021
100,102,715.87373
240,242,717.467698
156,158,718.486081
764,766,723.520585
92,94,724.142512
27,29,724.33454
278,280,726.161969
56,58,726.526627
261,263,728.259181
149,151,729.239054
178,180,730.404834
47,49,730.722264
16,18,730.840166
130,132,731.692666
694,696,736.249923
95,97,736.887455
331,333,739.047178
131,133,739.925929
304,306,741.920429
80,82,742.448524
298,300,744.438144
92,94,745.054444
56,58,745.430483
190,192,746.621914
152,154,747.651031
1233,1235,755.680003
8,10,755.746051
247,249,757.31842
368,370,759.734481
682,684,764.165274
260,262,765.669483
327,329,767.810018
1462,1464,777.449427
37,39,777.712021
528,530,781.124958
48,50,781.450325
178,180,782.573598
169,171,783.676836
7,9,783.735456
167,169,784.800767
72,74,785.256603
183,185,786.400946
213,215,787.742483
1416,1418,796.773798
112,114,797.513191
218,220,798.907604
83,85,799.458138
164,166,800.503237
94,96,801.118838
40,42,801.390153
327,329,803.458282
168,170,804.550192
288,290,806.363667
167,169,807.436677
82,84,807.954986
308,310,809.910391
247,249,811.505591
92,94,812.108413
272,274,813.850872
237,239,815.347779
101,103,815.99808
37,39,816.252141
473,475,819.258454
122,124,820.043425
333,335,822.181486
128,130,822.989403
88,90,823.563678
208,210,824.898817
71,73,825.340218
379,381,827.730133
371,373,830.094476
18,20,830.214189
90,92,830.79183
639,641,834.870146
111,113,835.601855
362,364,837.942066
92,94,838.523986
361,363,840.853682
27,29,841.035866
133,135,841.895637
736,738,846.549417
230,232,848.019577
367,369,850.355896
12,14,850.444321
435,437,853.264474
24,26,853.434074
544,546,856.844231
198,200,858.112177
31,33,858.310344
18,20,858.433654
99,101,859.08
308,310,861.069958
79,81,861.598822
173,175,862.702441
121,123,863.505507
154,156,864.510147
25,27,864.684463
629,631,868.741894
329,331,870.849339
469,471,873.849768
365,367,876.213696
258,260,877.894289
55,57,878.242129
94,96,878.852403
382,384,881.366716
144,146,882.293
288,290,884.156841
886,888,889.843102
326,328,891.937567
127,129,892.776834
329,331,894.878459
379,381,897.328973
432,434,900.110943
191,193,901.342834
8,10,901.408134
228,230,902.848571
93,95,903.447315
176,178,904.594166
419,421,907.240847
151,153,908.146579
102,104,908.800433
188,190,910.003326
151,153,910.921652
221,223,912.355666
639,641,916.455579
163,165,917.521654
122,124,918.298978
87,89,918.876338
138,140,919.756636
425,427,922.4259
553,555,925.950613
20,22,926.083019
366,368,928.395989
221,223,929.793159
135,137,930.63843
106,108,931.342044
622,624,935.321849
532,534,938.604811
37,39,938.833844
49,51,939.149467
125,127,939.940866
336,338,942.11403
34,36,942.359073
1025,1027,948.934978
119,121,949.702019
80,82,950.214239
219,221,951.619159
26,28,951.784865
104,106,952.451791
367,369,954.782029
75,77,955.287418
370,372,957.692093
106,108,958.364289
118,120,959.124527
97,99,959.706126
189,191,960.913938
76,78,961.416209
656,658,965.583606
88,90,966.142858
109,111,966.834878
13,15,966.928668
189,191,968.151084
60,62,968.551862
350,352,970.806696
98,100,971.462009
32,34,971.676371
82,84,972.213792
72,74,972.690372
310,312,974.679727
14,16,974.783213
111,113,975.521001
277,279,977.311658
670,672,981.573969
245,247,983.142293
351,353,985.399006
628,630,989.383315
649,651,993.589608
316,318,995.621127
608,610,999.494549
125,127,1000.312341
60,62,1000.712046
377,379,1003.13136
59,61,1003.524267
93,95,1004.137774
130,132,1004.949896
93,95,1005.537404
187,189,1006.748617
220,222,1008.114773
56,58,1008.484844
33,35,1008.710997
230,232,1010.202034
412,414,1012.808594
98,100,1013.447475
430,432,1016.163446
389,391,1018.648889
127,129,1019.474079
49,51,1019.789702
191,193,1021.036914
70,72,1021.507136
106,108,1022.185106
20,22,1022.317658
571,573,1026.005229
252,254,1027.597416
1124,1126,1034.760805
8,10,1034.827927
417,419,1037.545649
560,562,1041.157842
193,195,1042.367467
319,321,1044.444535
237,239,1045.982808
180,182,1047.131341
493,495,1050.243608
293,295,1052.141032
86,88,1052.709422
596,598,1056.556792
169,171,1057.628252
81,83,1058.148064
612,614,1062.020321
18,20,1062.140876
190,192,1063.395533
81,83,1063.937568
127,129,1064.661856
241,243,1066.086883
120,122,1066.841594
20,22,1066.983612
634,636,1071.037389
91,93,1071.643085
229,231,1073.129313
375,377,1075.50273
816,818,1080.716386
438,440,1083.49978
149,151,1084.47283
341,343,1086.667624
319,321,1088.756802
73,75,1089.241619
212,214,1090.593841
85,87,1091.167973
37,39,1091.420429
114,116,1092.171433
67,69,1092.617513
30,32,1092.824812
204,206,1094.147449
79,81,1094.642545
341,343,1096.865514
250,252,1098.464178
66,68,1098.89939
254,256,1100.549252
116,118,1101.302826
18,20,1101.429631
708,710,1105.976578
533,535,1109.40464
84,86,1109.961082
71,73,1110.410642
688,690,1114.775209
274,276,1116.558876
762,764,1121.54496
37,39,1121.795964
1161,1163,1129.206626
425,427,1131.905423
21,23,1132.0561
222,224,1133.529664
344,346,1135.708797
38,40,1135.966705
830,832,1141.249618
206,208,1142.566286
33,35,1142.791941
301,303,1144.72994
383,385,1147.199841
222,224,1148.637988
292,294,1150.503245
277,279,1152.298813
158,160,1153.332541
13,15,1153.429845
35,37,1153.66418
76,78,1154.15213
409,411,1156.795624
342,344,1159.0032
261,263,1160.702569
236,238,1162.189115
127,129,1163.008868
136,138,1163.894426
157,159,1164.920983
75,77,1165.408873
329,331,1167.534898
268,270,1169.252984
46,48,1169.566035
31,33,1169.780977
985,987,1176.08521
29,31,1176.286061
118,120,1177.062103
36,38,1177.309436
228,230,1178.754149
229,231,1180.23427
49,51,1180.563178
362,364,1182.880281
166,168,1183.995396
166,168,1185.083013
199,201,1186.370464
1087,1089,1193.315096
498,500,1196.513259
556,558,1200.101312
524,526,1203.469254
858,860,1208.985878
164,166,1210.064598
49,51,1210.374559
113,115,1211.154166
106,108,1211.863863
196,198,1213.129014
103,105,1213.792178
318,320,1215.829063
407,409,1218.452639
35,37,1218.694246
136,138,1219.602081
469,471,1222.62734
41,43,1222.913615
173,175,1224.047568
246,248,1225.648245
102,104,1226.289709
117,119,1227.069892
164,166,1228.151918
172,174,1229.274462
161,163,1230.292409
316,318,1232.353051
13,15,1232.449915
127,129,1233.280656
225,227,1234.708869
274,276,1236.494162
264,266,1238.192069
253,255,1239.833514
135,137,1240.707954
79,81,1241.235574
144,146,1242.157075
195,197,1243.429186
282,284,1245.266294
480,482,1248.323446
45,47,1248.627176
12,14,1248.71618
239,241,1250.243949
60,62,1250.613357
70,72,1251.079926
203,205,1252.381144
55,57,1252.746333
21,23,1252.894165
563,565,1256.466493
65,67,1256.888177
376,378,1259.253145
194,196,1260.493963
236,238,1262.044414
550,552,1265.578279
21,23,1265.725147
197,199,1267.046138
7,9,1267.103482
279,281,1268.906957
206,208,1270.223979
110,112,1270.943859
189,191,1272.195947
104,106,1272.869432
140,142,1273.767456
363,365,1276.097253
216,218,1277.49373
61,63,1277.892596
67,69,1278.311329
109,111,1279.027229
221,223,1280.435199
374,376,1282.80534
512,514,1286.09124
589,591,1289.788623
48,50,1290.095035
227,229,1291.534359
254,256,1293.165641
547,549,1296.638524
498,500,1299.826598
41,43,1300.089231
1045,1047,1306.689947
27,29,1306.882033
146,148,1307.830215
537,539,1311.237219
302,304,1313.167196
295,297,1315.033223
108,110,1315.712722
29,31,1315.907199
707,709,1320.360918
28,30,1320.555349
187,189,1321.762202
103,105,1322.403103
131,133,1323.253026
73,75,1323.726815
84,86,1324.259927
395,397,1326.718193
287,289,1328.588129
303,305,1330.539447
120,122,1331.319884
33,35,1331.549676
320,322,1333.594499
337,339,1335.701924
339,341,1337.889869
49,51,1338.19914
52,54,1338.510347
564,566,1342.108233
1062,1064,1348.769185
564,566,1352.357311
378,380,1354.736123
331,333,1356.88227
992,994,1363.216657
336,338,1365.223583
61,63,1365.601209
173,175,1366.655144
227,229,1368.117228
237,239,1369.624837
201,203,1370.878792
363,365,1373.193817
123,125,1373.96457
381,383,1376.399155
233,235,1377.932946
580,582,1381.522567
130,132,1382.341631
355,357,1384.622569
57,59,1384.994523
15,17,1385.101827
211,213,1386.447537
197,199,1387.683386
218,220,1389.089938
454,456,1391.952445
146,148,1392.87486
208,210,1394.203132
46,48,1394.495587
8,10,1394.558222
72,74,1395.029871
105,107,1395.703369
255,257,1397.320631
55,57,1397.676395
538,540,1401.030442
239,241,1402.553613
216,218,1403.955715
398,400,1406.478597
117,119,1407.249834
422,424,1409.963556
713,715,1414.474658
59,61,1414.860355
337,339,1416.993813
293,295,1418.81682
48,50,1419.131345
218,220,1420.531782
190,192,1421.766814
290,292,1423.626205
185,187,1424.84502
401,403,1427.409206
141,143,1428.305373
346,348,1430.534998
679,681,1434.792289
384,386,1437.248548
41,43,1437.519825
204,206,1438.797392
402,404,1441.37092
684,686,1445.715926
161,163,1446.75415
297,299,1448.620192
110,112,1449.346446
478,480,1452.389558
38,40,1452.647555
91,93,1453.24603
43,45,1453.530443
466,468,1456.495774
367,369,1458.844293
304,306,1460.791809
198,200,1462.087174
249,251,1463.68596
88,90,1464.262905
139,141,1465.192261
213,215,1466.524375
70,72,1466.989937
115,117,1467.720672
282,284,1469.536866
355,357,1471.783791
237,239,1473.302038
94,96,1473.925443
57,59,1474.285814
51,53,1474.611217
22,24,1474.763552
301,303,1476.680441
584,586,1480.407407
44,46,1480.703392
207,209,1482.024651
589,591,1485.723013
181,183,1486.890921
332,334,1489.046632
547,549,1492.48366
182,184,1493.658693
41,43,1493.934462
357,359,1496.185878
400,402,1498.745971
125,127,1499.565315
83,85,1500.091253
338,340,1502.228981
1595,1597,1512.372327
997,999,1518.669683
47,49,1518.976381
26,28,1519.146019
308,310,1521.116587
203,205,1522.403214
556,558,1525.852843
33,35,1526.066437
40,42,1526.316257
324,326,1528.364216
8,10,1528.428879
122,124,1529.215993
399,401,1531.719965
132,134,1532.574538
629,631,1536.594469
380,382,1539.00832
148,150,1539.959037
517,519,1543.217469
99,101,1543.833277
191,193,1545.04393
493,495,1548.143787
7,9,1548.199888
200,202,1549.46942
546,548,1552.914526
68,70,1553.33529
169,171,1554.378091
121,123,1555.151538
138,140,1556.053582
100,102,1556.691013
310,312,1558.633773
36,38,1558.879643
40,42,1559.150975
372,374,1561.505489
225,227,1562.94156
366,368,1565.288822
543,545,1568.728455
369,371,1571.093364
227,229,1572.551147
137,139,1573.436218
32,34,1573.655859
72,74,1574.121893
54,56,1574.449528
82,84,1574.986226
121,123,1575.766187
207,209,1577.06828
395,397,1579.57472
308,310,1581.506373
137,139,1582.361531
775,777,1587.26642
766,768,1592.138537
7,9,1592.194729
76,78,1592.683514
305,307,1594.612262
39,41,1594.874993
204,206,1596.175323
33,35,1596.399317
21,23,1596.546547
309,311,1598.499434
70,72,1598.960666
131,133,1599.794353
7,9,1599.849134
188,190,1601.050683
136,138,1601.930574
468,470,1604.873496
549,551,1608.3978
376,378,1610.779902
554,556,1614.276508
252,254,1615.911968
73,75,1616.38694
330,332,1618.464976
292,294,1620.307293
536,538,1623.717914
105,107,1624.401442
38,40,1624.65908
79,81,1625.180392
592,594,1628.87901
268,270,1630.577346
127,129,1631.392647
846,848,1636.732882
397,399,1639.28035
198,200,1640.530852
51,53,1640.869785
122,124,1641.672819
300,302,1643.542098
289,291,1645.382518
294,296,1647.254951
549,551,1650.737451
355,357,1652.97519
164,166,1654.044458
54,56,1654.377372
349,351,1656.641339
14,16,1656.744274
96,98,1657.374438
21,23,1657.52363
207,209,1658.836982
207,209,1660.172579
38,40,1660.428901
756,758,1665.042293
182,184,1666.168879
178,180,1667.27596
305,307,1669.172874
17,19,1669.294937
54,56,1669.645216
733,735,1674.186582
422,424,1676.879946
204,206,1678.171936
119,121,1678.926205
96,98,1679.549473
135,137,1680.415816
179,181,1681.558946
86,88,1682.118137
382,384,1684.52629
288,290,1686.329202
125,127,1687.133655
211,213,1688.487198
108,110,1689.173592
114,116,1689.91181
254,256,1691.516168
478,480,1694.566373
140,142,1695.450985
404,406,1698.01791
43,45,1698.287246
128,130,1699.12235
151,153,1700.086852
221,223,1701.506943
317,319,1703.516975
49,51,1703.847912
89,91,1704.439137
84,86,1704.986722
219,221,1706.3768
128,130,1707.224819
6,8,1707.276741
180,182,1708.437138
119,121,1709.203564
77,79,1709.694222
55,57,1710.054252
392,394,1712.550916
66,68,1712.98233
604,606,1716.844056
148,150,1717.807851
114,116,1718.486396
23,25,1718.647882
238,240,1720.19654
210,212,1721.54324
74,76,1722.029202
243,245,1723.567565
152,154,1724.520241
289,291,1726.278562
284,286,1728.069887
204,206,1729.373891
132,134,1730.214138
130,132,1731.048132
960,962,1737.096471
109,111,1737.809747
323,325,1739.853742
88,90,1740.414454
1060,1062,1747.122436
521,523,1750.42471
290,292,1752.270515
103,105,1752.926142
248,250,1754.490978
301,303,1756.394372
145,147,1757.342592
67,69,1757.787951
527,529,1761.160603
41,43,1761.437593
737,739,1766.073196
700,702,1770.471561
840,842,1775.736343
155,157,1776.718208
199,201,1777.963238
111,113,1778.654812
204,206,1779.949552
122,124,1780.72616
219,221,1782.117173
313,315,1784.096144
135,137,1784.940208
346,348,1787.131562
151,153,1788.114256
412,414,1790.704661
173,175,1791.776241
153,155,1792.741231
332,334,1794.832411
33,35,1795.054072
38,40,1795.311861
426,428,1798.029066
73,75,1798.486072
547,549,1801.892093
109,111,1802.587966
47,49,1802.897539
202,204,1804.183378
181,183,1805.337797
86,88,1805.898614
119,121,1806.657927
1379,1381,1815.32531
353,355,1817.505198
370,372,1819.837673
443,445,1822.641205
9,11,1822.711242
11,13,1822.794003
1071,1073,1829.526968
65,67,1829.936224
335,337,1831.966094
73,75,1832.418646
49,51,1832.746457
162,164,1833.779851
86,88,1834.328029
1057,1059,1841.007359
196,198,1842.254052
76,78,1842.742423
145,147,1843.697627
143,145,1844.623407
501,503,1847.794168
26,28,1847.963387
72,74,1848.422801
69,71,1848.876846
51,53,1849.218968
308,310,1851.172226
371,373,1853.560747
462,464,1856.480567
17,19,1856.602407
62,64,1857.012015
284,286,1858.819919
35,37,1859.061889
51,53,1859.407069
85,87,1859.964167
385,387,1862.39127
81,83,1862.914057
313,315,1864.910648
154,156,1865.910878
113,115,1866.635907
110,112,1867.353487
88,90,1867.915325
44,46,1868.20932
82,84,1868.745107
336,338,1870.879843
45,47,1871.185785
6,8,1871.23781
53,55,1871.593689
414,416,1874.23055
80,82,1874.730577
105,107,1875.428916
24,26,1875.596837
18,20,1875.725539
198,200,1876.999806
167,169,1878.078981
279,281,1879.832985
79,81,1880.345137
60,62,1880.73572
126,128,1881.552743
302,304,1883.451855
231,233,1884.911002
145,147,1885.85894
84,86,1886.394323
11,13,1886.476111
354,356,1888.753992
50,52,1889.082136
143,145,1890.015344
324,326,1892.072876
74,76,1892.554457
142,144,1893.475918
105,107,1894.160164
54,56,1894.515168
764,766,1899.332211
56,58,1899.686257
305,307,1901.648707
562,564,1905.228522
94,96,1905.846951
633,635,1909.80967
110,112,1910.509984
353,355,1912.773521
745,747,1917.503494
574,576,1921.145429
787,789,1926.06912
554,556,1929.620686
104,106,1930.275594
104,106,1930.942595
110,112,1931.657797
23,25,1931.815876
663,665,1936.015837
477,479,1939.047858
159,161,1940.075805
251,253,1941.659447
194,196,1942.874592
417,419,1945.512846
93,95,1946.117141
359,361,1948.368484
571,573,1951.979368
53,55,1952.316
27,29,1952.504711
113,115,1953.239412
74,76,1953.731813
1015,1017,1960.060721
58,60,1960.43647
487,489,1963.463046
447,449,1966.110534
383,385,1968.483289
61,63,1968.867404
261,263,1970.457399
549,551,1973.915946
458,460,1976.7652
16,18,1976.879432
105,107,1977.56617
181,183,1978.678017
282,284,1980.481721
168,170,1981.551151
28,30,1981.744684
223,225,1983.103231
19,21,1983.234792
152,154,1984.200113
30,32,1984.400551
98,100,1985.006463
86,88,1985.551963
108,110,1986.230141
685,687,1990.457512
79,81,1990.962653
86,88,1991.486734
61,63,1991.869839
324,326,1993.890163
538,540,1997.185027
58,60,1997.565109
602,604,2001.237233
313,315,2003.181578
31,33,2003.383611
142,144,2004.243077
505,507,2007.415951
62,64,2007.819747
65,67,2008.22292
694,696,2012.520285
116,118,2013.259475
570,572,2016.822461
450,452,2019.602783
128,130,2020.313789
242,244,2021.804198
1504,1506,2031.092649
177,179,2032.226145
322,324,2034.215974
198,200,2035.443918
16,18,2035.558737
290,292,2037.356455
642,644,2041.328504
116,118,2042.078259
166,168,2043.120604
944,946,2048.993862
21,23,2049.139566
165,167,2050.178189
83,85,2050.669664
70,72,2051.123232
39,41,2051.383667
228,230,2052.820722
72,74,2053.29104
30,32,2053.494826
290,292,2055.284397
145,147,2056.186857
263,265,2057.833054
471,473,2060.752823
445,447,2063.5286
183,185,2064.692518
308,310,2066.651668
125,127,2067.456242
63,65,2067.867882
236,238,2069.349497
220,222,2070.717369
104,106,2071.386377
40,42,2071.63956
123,125,2072.422539
428,430,2075.113865
445,447,2077.915159
275,277,2079.652757
538,540,2083.074893
37,39,2083.316545
95,97,2083.925341
119,121,2084.668962
607,609,2088.453964
44,46,2088.745158
162,164,2089.782449
233,235,2091.259536
233,235,2092.74507
262,264,2094.401724
48,50,2094.714541
44,46,2095.012975
184,186,2096.158142
741,743,2100.823691
198,200,2102.078556
319,321,2104.078833
126,128,2104.882851
195,197,2106.13102
205,207,2107.403827
130,132,2108.203178
167,169,2109.260502
301,303,2111.1508
227,229,2112.587152
75,77,2113.074389
137,139,2113.961143
75,77,2114.415236
131,133,2115.257843
414,416,2117.857811
176,178,2118.947843
261,263,2120.596549
252,254,2122.197204
198,200,2123.431843
88,90,2123.98
503,505,2127.142653
940,942,2133.095581
389,391,2135.518169
9,11,2135.586924
82,84,2136.114556
219,221,2137.47979
775,777,2142.371184
198,200,2143.651824
130,132,2144.485792
32,34,2144.700854
791,793,2149.723107
128,130,2150.528545
16,18,2150.642907
25,27,2150.81482
1229,1231,2158.574861
218,220,2159.982087
99,101,2160.617835
124,126,2161.421206
110,112,2162.128018
55,57,2162.47312
129,131,2163.320066
333,335,2165.407387
70,72,2165.869841
335,337,2167.996477
55,57,2168.359248
88,90,2168.932379
151,153,2169.869653
256,258,2171.523101
26,28,2171.704197
416,418,2174.337541
75,77,2174.821857
314,316,2176.82427
373,375,2179.188439
1569,1571,2189.175072
369,371,2191.517703
352,354,2193.76769
74,76,2194.2332
38,40,2194.478879
413,415,2197.123179
136,138,2198.013285
706,708,2202.494799
181,183,2203.679365
755,757,2208.413673
65,67,2208.842092
120,122,2209.621196
724,726,2214.218439
128,130,2215.053522
1233,1235,2222.767534
410,412,2225.403847
320,322,2227.447418
309,311,2229.421874
134,136,2230.271939
53,55,2230.610442
31,33,2230.821322
152,154,2231.796463
241,243,2233.326821
412,414,2235.950369
105,107,2236.628519
12,14,2236.717886
40,42,2236.983918
306,308,2238.941422
271,273,2240.656317
38,40,2240.911959
364,366,2243.215153
216,218,2244.606189
144,146,2245.539452
228,230,2247.007211
613,615,2250.85918
287,289,2252.66948
381,383,2255.009683
505,507,2258.224479
17,19,2258.337552
343,345,2260.497195
683,685,2264.617463
466,468,2267.514633
16,18,2267.631186
14,16,2267.733182
526,528,2271.021421
283,285,2272.818533
115,117,2273.558256
7,9,2273.613386
693,695,2277.928914
635,637,2281.970557
203,205,2283.256934
209,211,2284.585858
77,79,2285.102561
590,592,2288.839348
632,634,2292.851562
177,179,2294.005141
210,212,2295.327394
183,185,2296.474862
317,319,2298.484619
88,90,2299.066928
260,262,2300.704794
592,594,2304.479351
683,685,2308.826309
11,13,2308.910379
56,58,2309.286581
239,241,2310.811887
396,398,2313.328392
63,65,2313.739466
9,11,2313.811591
101,103,2314.434222
590,592,2318.20562
69,71,2318.625193
391,393,2321.106344
169,171,2322.200448
141,143,2323.113175
168,170,2324.203377
10,12,2324.277626
135,137,2325.125548
199,201,2326.402235
49,51,2326.72569
32,34,2326.943102
61,63,2327.35306
19,21,2327.489933
792,794,2332.560315
12,14,2332.650576
204,206,2333.964454
67,69,2334.39061
1386,1388,2343.112217
389,391,2345.655088
46,48,2345.967508
117,119,2346.710728
542,544,2350.168991
26,28,2350.33919
7,9,2350.396107
98,100,2351.01528
124,126,2351.820329
158,160,2352.815747
405,407,2355.383979
273,275,2357.126575
188,190,2358.296566
41,43,2358.572101
205,207,2359.912481
121,123,2360.699912
292,294,2362.552353
732,734,2367.266668
606,608,2371.161413
198,200,2372.422928
16,18,2372.538671
589,591,2376.311936
29,31,2376.510524
162,164,2377.558036
166,168,2378.610553
221,223,2380.027888
96,98,2380.652416
150,152,2381.637578
141,143,2382.505919
909,911,2388.375675
303,305,2390.325509
909,911,2396.156912
166,168,2397.220671
22,24,2397.376822
465,467,2400.349617
137,139,2401.225527
203,205,2402.513083
7,9,2402.568434
428,430,2405.289033
86,88,2405.859627
558,560,2409.385667
831,833,2414.652477
6,8,2414.705499
57,59,2415.085692
143,145,2416.016486
490,492,2419.128845
29,31,2419.325131
78,80,2419.835872
266,268,2421.536532
118,120,2422.288331
412,414,2424.933604
872,874,2430.526925
295,297,2432.412246
851,853,2437.786518
1126,1128,2444.981173
8,10,2445.044076
365,367,2447.373035
262,264,2449.019422
25,27,2449.191413
862,864,2454.633257
219,221,2456.024533
185,187,2457.197674
594,596,2460.974085
456,458,2463.845691
156,158,2464.856403
290,292,2466.695971
138,140,2467.625678
163,165,2468.673446
656,658,2472.836419
76,78,2473.317979
1016,1018,2479.773915
600,602,2483.541652
545,547,2487.026695
185,187,2488.240567
220,222,2489.663015
303,305,2491.605474
63,65,2492.022707
249,251,2493.598828
318,320,2495.646056
157,159,2496.664608
136,138,2497.551259
202,204,2498.826227
152,154,2499.834965
172,174,2500.920801
34,36,2501.137108
40,42,2501.402833
281,283,2503.172534
1457,1459,2512.487957
40,42,2512.754761
152,154,2513.747382
721,723,2518.306137
109,111,2519.008085
848,850,2524.396412
42,44,2524.686943
64,66,2525.11426
101,103,2525.784184
48,50,2526.096074
118,120,2526.854932
14,16,2526.959108
135,137,2527.82879
146,148,2528.779131
496,498,2531.934391
382,384,2534.370258
188,190,2535.636951
636,638,2539.70195
337,339,2541.873525
292,294,2543.745842
94,96,2544.354988
255,257,2545.978839
152,154,2546.977361
49,51,2547.299319
188,190,2548.490883
14,16,2548.591115
224,226,2550.038417
174,176,2551.129233
55,57,2551.489425
282,284,2553.218187
120,122,2553.990232
186,188,2555.215945
536,538,2558.587911
114,116,2559.317312
70,72,2559.779974
318,320,2561.820184
114,116,2562.559999
72,74,2563.042204
83,85,2563.594623
99,101,2564.155674
6,8,2564.197348
403,405,2566.606527
161,163,2567.638803
128,130,2568.426976
1141,1143,2575.662886
29,31,2575.856372
778,780,2580.704257
137,139,2581.585822
40,42,2581.856914
30,32,2582.056831
217,219,2583.422383
95,97,2584.015647
41,43,2584.283499
1191,1193,2591.84462
363,365,2594.172589
415,417,2596.82393
354,356,2599.070033
103,105,2599.752516
77,79,2600.235356
190,192,2601.349425
441,443,2604.154356
107,109,2604.845856
171,173,2605.958283
41,43,2606.219095
14,16,2606.314848
128,130,2607.154693
187,189,2608.349157
345,347,2610.534491
186,188,2611.733669
21,23,2611.880141
151,153,2612.853076
15,17,2612.961843
17,19,2613.08358
209,211,2614.385932
684,686,2618.682464
180,182,2619.856544
334,336,2621.961435
300,302,2623.865742
893,895,2629.520371
471,473,2632.494293
18,20,2632.62125
30,32,2632.821591
285,287,2634.62382
198,200,2635.906514
37,39,2636.154378
313,315,2638.136932
197,199,2639.413133
132,134,2640.248255
143,145,2641.162844
178,180,2642.291517
74,76,2642.769435
348,350,2644.969036
880,882,2650.511679
245,247,2652.095853
211,213,2653.456217
10,12,2653.534413
483,485,2656.58452
308,310,2658.48675
27,29,2658.667636
24,26,2658.837055
167,169,2659.925688
400,402,2662.445799
209,211,2663.808483
50,52,2664.139597
49,51,2664.459317
99,101,2665.069174
82,84,2665.607068
231,233,2667.065917
386,388,2669.500505
104,106,2670.163938
111,113,2670.870239
125,127,2671.69436
482,484,2674.717439
363,365,2677.033647
372,374,2679.417358
17,19,2679.540852
179,181,2680.694936
176,178,2681.791572
76,78,2682.287162
672,674,2686.551028
878,880,2692.068644
149,151,2693.025854
530,532,2696.358018
26,28,2696.527167
328,330,2698.551497
8,10,2698.61263
594,596,2702.350867
247,249,2703.914062
95,97,2704.516815
626,628,2708.447892
7,9,2708.505687
160,162,2709.518676
147,149,2710.432496
457,459,2713.267125
282,284,2715.032162
127,129,2715.838565
689,691,2720.142959
144,146,2721.053231
9,11,2721.124112
327,329,2723.205204
550,552,2726.630422
29,31,2726.827912
365,367,2729.10278
119,121,2729.8821
43,45,2730.154145
350,352,2732.388469
34,36,2732.606212
495,497,2735.719391
304,306,2737.653591
134,136,2738.506279
349,351,2740.71383
352,354,2742.880984
128,130,2743.69918
76,78,2744.176191
20,22,2744.311363
72,74,2744.7707
77,79,2745.275827
46,48,2745.580499
7,9,2745.637239
543,545,2748.95539
384,386,2751.305853
256,258,2752.92254
264,266,2754.596864
21,23,2754.741849
217,219,2756.120577
17,19,2756.241795
294,296,2758.057258
192,194,2759.257181
209,211,2760.564218
324,326,2762.625889
84,86,2763.182938
479,481,2766.108512
23,25,2766.259011
160,162,2767.298021
531,533,2770.645687
167,169,2771.698077
241,243,2773.170243
208,210,2774.473119
88,90,2775.048284
407,409,2777.611558
203,205,2778.889037
53,55,2779.220891
163,165,2780.272054
510,512,2783.514066
139,141,2784.411464
606,608,2788.26201
172,174,2789.370947
10,12,2789.447999
52,54,2789.800731
114,116,2790.511445
561,563,2794.094113
12,14,2794.18049
206,208,2795.490791
426,428,2798.134895
584,586,2801.826239
403,405,2804.404042
79,81,2804.91886
450,452,2807.724069
51,53,2808.051836
47,49,2808.36179
228,230,2809.801128
452,454,2812.678268
402,404,2815.232206
12,14,2815.318038
191,193,2816.52804
203,205,2817.789869
242,244,2819.337608
250,252,2820.931204
578,580,2824.575437
209,211,2825.90591
128,130,2826.715724
193,195,2827.980324
1089,1091,2834.850856
324,326,2836.924125
229,231,2838.358728
194,196,2839.588259
342,344,2841.774973
73,75,2842.237071
725,727,2846.835695
61,63,2847.245886
261,263,2848.927827
208,210,2850.253906
29,31,2850.436872
97,99,2851.04687
140,142,2851.930995
487,489,2855.003863
320,322,2857.061929
207,209,2858.362581
338,340,2860.487392
95,97,2861.104967
148,150,2862.051359
62,64,2862.457846
9,11,2862.529946
142,144,2863.467196
273,275,2865.03746
296,298,2866.873918
251,253,2868.483315
123,125,2869.264528
260,262,2870.856977
116,118,2871.612975
14,16,2871.713481
284,286,2873.489826
238,240,2874.995913
301,303,2876.872074
623,625,2880.740781
237,239,2882.191071
131,133,2883.040921
8,10,2883.10587
35,37,2883.341877
162,164,2884.357928
28,30,2884.540416
217,219,2885.932663
256,258,2887.549416
421,423,2890.12488
191,193,2891.331604
80,82,2891.845002
137,139,2892.70418
135,137,2893.568422
42,44,2893.847637
29,31,2894.042393
115,117,2894.779149
107,109,2895.47215
484,486,2898.487241
255,257,2900.103491
178,180,2901.176711
155,157,2902.111729
621,623,2905.904147
460,462,2908.821141
41,43,2909.0875
119,121,2909.852904
104,106,2910.496375
468,470,2913.469478
62,64,2913.878847
8,10,2913.942324
486,488,2916.966855
22,24,2917.119875
171,173,2918.198177
21,23,2918.339296
313,315,2920.332222
108,110,2921.018778
305,307,2922.927221
27,29,2923.110835
60,62,2923.496562
250,252,2925.073148
313,315,2927.06728
78,80,2927.556218
479,481,2930.500456
249,251,2932.110769
106,108,2932.795219
325,327,2934.821233
461,463,2937.693331
224,226,2939.101668
31,33,2939.308933
207,209,2940.62019
258,260,2942.256994
117,119,2943.012243
33,35,2943.234816
254,256,2944.821936
411,413,2947.396874
36,38,2947.63354
558,560,2951.078834
71,73,2951.542412
805,807,2956.581141
234,236,2958.09603
211,213,2959.418162
553,555,2962.936422
265,267,2964.603234
127,129,2965.425985
8,10,2965.490349
217,219,2966.772267
234,236,2968.208017
77,79,2968.708642
450,452,2971.53711
237,239,2973.040956
61,63,2973.43864
128,130,2974.252261
126,128,2975.055161
184,186,2976.251071
152,154,2977.228834
116,118,2977.977888
1078,1080,2984.763887
83,85,2985.301835
159,161,2986.303914
13,15,2986.38521
46,48,2986.670781
10,12,2986.74784
224,226,2988.197704
56,58,2988.564295
508,510,2991.778909
9,11,2991.848415
41,43,2992.121413
1328,1330,3000.50342
630,632,3004.516397
47,49,3004.834054
273,275,3006.596703
261,263,3008.210573
159,161,3009.234175
241,243,3010.741528
618,620,3014.700474
186,188,3015.900343
819,821,3021.079776
303,305,3023.010864
157,159,3024.026509
9,11,3024.096426
20,22,3024.236619
67,69,3024.675161
249,251,3026.274178
59,61,3026.661355
134,136,3027.514237
101,103,3028.163083
184,186,3029.352317
54,56,3029.71071
182,184,3030.868594
124,126,3031.679392
109,111,3032.380824
211,213,3033.741366
461,463,3036.665819
629,631,3040.612178
178,180,3041.744322
161,163,3042.772664
164,166,3043.842558
71,73,3044.289297
231,233,3045.768868
437,439,3048.532335
703,705,3053.013442
50,52,3053.34501
158,160,3054.337927
389,391,3056.843468
343,345,3058.97865
564,566,3062.532817
209,211,3063.886353
61,63,3064.282398
57,59,3064.656837
275,277,3066.351626
590,592,3069.999555
50,52,3070.312505
215,217,3071.677381
1001,1003,3078.023535
85,87,3078.561463
268,270,3080.244398
111,113,3080.965492
1135,1137,3088.188504
30,32,3088.383602
296,298,3090.217192
64,66,3090.631716
511,513,3093.907224
174,176,3094.993159
42,44,3095.273345
106,108,3095.968339
88,90,3096.53808
45,47,3096.820425
211,213,3098.134119
72,74,3098.583628
133,135,3099.458985
236,238,3100.972532
528,530,3104.323119
42,44,3104.595066
166,168,3105.653398
240,242,3107.140534
453,455,3109.913118
143,145,3110.833977
516,518,3114.12699
35,37,3114.349094
147,149,3115.283617
114,116,3116.031821
110,112,3116.756984
135,137,3117.593037
104,106,3118.248704
289,291,3120.089225
67,69,3120.51853
54,56,3120.874618
186,188,3122.074184
108,110,3122.754631
217,219,3124.146953
748,750,3128.840311
240,242,3130.375466
64,66,3130.802876
653,655,3134.902407
48,50,3135.22719
153,155,3136.214814
92,94,3136.811857
574,576,3140.394775
167,169,3141.462091
293,295,3143.319942
101,103,3143.976146
240,242,3145.491425
68,70,3145.941721
709,711,3150.38957
17,19,3150.507951
58,60,3150.889906
116,118,3151.650631
23,25,3151.804395
137,139,3152.686256
6,8,3152.737733
31,33,3152.948951
109,111,3153.657979
21,23,3153.807412
205,207,3155.078018
238,240,3156.579436
535,537,3159.945366
18,20,3160.071862
48,50,3160.388196
130,132,3161.20835
